5fde64164db30cea7ef6402209c4bcedbbe85304,0,2
5fde64164db30cea7ef6402209c4bcedbbe85304,1,5
5fde64164db30cea7ef6402209c4bcedbbe85304,2,12
5fde64164db30cea7ef6402209c4bcedbbe85304,3,4
5fde64164db30cea7ef6402209c4bcedbbe85304,4,6
5fde64164db30cea7ef6402209c4bcedbbe85304,5,0
5fde64164db30cea7ef6402209c4bcedbbe85304,6,1
5fde64164db30cea7ef6402209c4bcedbbe85304,7,6
5fde64164db30cea7ef6402209c4bcedbbe85304,8,11
5fde64164db30cea7ef6402209c4bcedbbe85304,9,7
5fde64164db30cea7ef6402209c4bcedbbe85304,10,2
5fde64164db30cea7ef6402209c4bcedbbe85304,11,6
5fde64164db30cea7ef6402209c4bcedbbe85304,12,0
5fde64164db30cea7ef6402209c4bcedbbe85304,13,0
4f5731fcef6af648d45a1ea18e06af0ae271a686,0,2
4f5731fcef6af648d45a1ea18e06af0ae271a686,1,6
4f5731fcef6af648d45a1ea18e06af0ae271a686,2,2
4f5731fcef6af648d45a1ea18e06af0ae271a686,3,18
4f5731fcef6af648d45a1ea18e06af0ae271a686,4,11
4f5731fcef6af648d45a1ea18e06af0ae271a686,5,17
4f5731fcef6af648d45a1ea18e06af0ae271a686,6,14
4f5731fcef6af648d45a1ea18e06af0ae271a686,7,20
4f5731fcef6af648d45a1ea18e06af0ae271a686,8,27
4f5731fcef6af648d45a1ea18e06af0ae271a686,9,23
4f5731fcef6af648d45a1ea18e06af0ae271a686,10,47
4f5731fcef6af648d45a1ea18e06af0ae271a686,11,5
4f5731fcef6af648d45a1ea18e06af0ae271a686,12,0
4f5731fcef6af648d45a1ea18e06af0ae271a686,13,9
07254b1cbe50bf57d5615dbf103c7096568686d8,0,0
07254b1cbe50bf57d5615dbf103c7096568686d8,1,28
07254b1cbe50bf57d5615dbf103c7096568686d8,2,0
07254b1cbe50bf57d5615dbf103c7096568686d8,3,0
07254b1cbe50bf57d5615dbf103c7096568686d8,4,5
07254b1cbe50bf57d5615dbf103c7096568686d8,5,10
07254b1cbe50bf57d5615dbf103c7096568686d8,6,9
07254b1cbe50bf57d5615dbf103c7096568686d8,7,2
07254b1cbe50bf57d5615dbf103c7096568686d8,8,0
07254b1cbe50bf57d5615dbf103c7096568686d8,9,1
07254b1cbe50bf57d5615dbf103c7096568686d8,10,6
07254b1cbe50bf57d5615dbf103c7096568686d8,11,7
07254b1cbe50bf57d5615dbf103c7096568686d8,12,0
07254b1cbe50bf57d5615dbf103c7096568686d8,13,1
ddf08991cc946dea6e2539280d95c87e3536de69,0,0
ddf08991cc946dea6e2539280d95c87e3536de69,1,5
ddf08991cc946dea6e2539280d95c87e3536de69,2,3
ddf08991cc946dea6e2539280d95c87e3536de69,3,2
ddf08991cc946dea6e2539280d95c87e3536de69,4,3
ddf08991cc946dea6e2539280d95c87e3536de69,5,8
ddf08991cc946dea6e2539280d95c87e3536de69,6,1
ddf08991cc946dea6e2539280d95c87e3536de69,7,0
ddf08991cc946dea6e2539280d95c87e3536de69,8,0
ddf08991cc946dea6e2539280d95c87e3536de69,9,1
ddf08991cc946dea6e2539280d95c87e3536de69,10,4
ddf08991cc946dea6e2539280d95c87e3536de69,11,3
ddf08991cc946dea6e2539280d95c87e3536de69,12,2
ddf08991cc946dea6e2539280d95c87e3536de69,13,0
ae5d118653d4f35b23e936f027c19cc70e42bce4,0,0
ae5d118653d4f35b23e936f027c19cc70e42bce4,1,0
ae5d118653d4f35b23e936f027c19cc70e42bce4,2,5
ae5d118653d4f35b23e936f027c19cc70e42bce4,3,0
ae5d118653d4f35b23e936f027c19cc70e42bce4,4,2
ae5d118653d4f35b23e936f027c19cc70e42bce4,5,5
ae5d118653d4f35b23e936f027c19cc70e42bce4,6,15
ae5d118653d4f35b23e936f027c19cc70e42bce4,7,2
ae5d118653d4f35b23e936f027c19cc70e42bce4,8,0
ae5d118653d4f35b23e936f027c19cc70e42bce4,9,2
ae5d118653d4f35b23e936f027c19cc70e42bce4,10,2
ae5d118653d4f35b23e936f027c19cc70e42bce4,11,0
ae5d118653d4f35b23e936f027c19cc70e42bce4,12,0
ae5d118653d4f35b23e936f027c19cc70e42bce4,13,5
b7b8121e90aae7cd92a1439308b75d238656a3fb,0,0
b7b8121e90aae7cd92a1439308b75d238656a3fb,1,0
b7b8121e90aae7cd92a1439308b75d238656a3fb,2,13
b7b8121e90aae7cd92a1439308b75d238656a3fb,3,0
b7b8121e90aae7cd92a1439308b75d238656a3fb,4,0
b7b8121e90aae7cd92a1439308b75d238656a3fb,5,0
b7b8121e90aae7cd92a1439308b75d238656a3fb,6,0
b7b8121e90aae7cd92a1439308b75d238656a3fb,7,0
b7b8121e90aae7cd92a1439308b75d238656a3fb,8,0
b7b8121e90aae7cd92a1439308b75d238656a3fb,9,0
b7b8121e90aae7cd92a1439308b75d238656a3fb,10,0
b7b8121e90aae7cd92a1439308b75d238656a3fb,11,0
b7b8121e90aae7cd92a1439308b75d238656a3fb,12,0
b7b8121e90aae7cd92a1439308b75d238656a3fb,13,2
a397aa56c42eac608c5efd2c3202b441fc33714b,0,5
a397aa56c42eac608c5efd2c3202b441fc33714b,1,41
a397aa56c42eac608c5efd2c3202b441fc33714b,2,33
a397aa56c42eac608c5efd2c3202b441fc33714b,3,15
a397aa56c42eac608c5efd2c3202b441fc33714b,4,96
a397aa56c42eac608c5efd2c3202b441fc33714b,5,4
a397aa56c42eac608c5efd2c3202b441fc33714b,6,21
a397aa56c42eac608c5efd2c3202b441fc33714b,7,18
a397aa56c42eac608c5efd2c3202b441fc33714b,8,29
a397aa56c42eac608c5efd2c3202b441fc33714b,9,29
a397aa56c42eac608c5efd2c3202b441fc33714b,10,44
a397aa56c42eac608c5efd2c3202b441fc33714b,11,3
a397aa56c42eac608c5efd2c3202b441fc33714b,12,1
a397aa56c42eac608c5efd2c3202b441fc33714b,13,6
be0a4b64e9689c46e94b5a9a9c7910ee61aeb16f,0,15
be0a4b64e9689c46e94b5a9a9c7910ee61aeb16f,1,64
be0a4b64e9689c46e94b5a9a9c7910ee61aeb16f,2,25
be0a4b64e9689c46e94b5a9a9c7910ee61aeb16f,3,72
be0a4b64e9689c46e94b5a9a9c7910ee61aeb16f,4,67
be0a4b64e9689c46e94b5a9a9c7910ee61aeb16f,5,43
be0a4b64e9689c46e94b5a9a9c7910ee61aeb16f,6,29
be0a4b64e9689c46e94b5a9a9c7910ee61aeb16f,7,36
be0a4b64e9689c46e94b5a9a9c7910ee61aeb16f,8,104
be0a4b64e9689c46e94b5a9a9c7910ee61aeb16f,9,92
be0a4b64e9689c46e94b5a9a9c7910ee61aeb16f,10,34
be0a4b64e9689c46e94b5a9a9c7910ee61aeb16f,11,21
be0a4b64e9689c46e94b5a9a9c7910ee61aeb16f,12,0
be0a4b64e9689c46e94b5a9a9c7910ee61aeb16f,13,17
911dec693f1ee82486192f11a9b57fe54f405864,0,31
911dec693f1ee82486192f11a9b57fe54f405864,1,42
911dec693f1ee82486192f11a9b57fe54f405864,2,2
911dec693f1ee82486192f11a9b57fe54f405864,3,23
911dec693f1ee82486192f11a9b57fe54f405864,4,78
911dec693f1ee82486192f11a9b57fe54f405864,5,9
911dec693f1ee82486192f11a9b57fe54f405864,6,36
911dec693f1ee82486192f11a9b57fe54f405864,7,2
911dec693f1ee82486192f11a9b57fe54f405864,8,5
911dec693f1ee82486192f11a9b57fe54f405864,9,9
911dec693f1ee82486192f11a9b57fe54f405864,10,23
911dec693f1ee82486192f11a9b57fe54f405864,11,3
911dec693f1ee82486192f11a9b57fe54f405864,12,0
911dec693f1ee82486192f11a9b57fe54f405864,13,19
69ac4f281de44e0554912f1f639d82283795dc1f,0,25
69ac4f281de44e0554912f1f639d82283795dc1f,1,141
69ac4f281de44e0554912f1f639d82283795dc1f,2,0
69ac4f281de44e0554912f1f639d82283795dc1f,3,17
69ac4f281de44e0554912f1f639d82283795dc1f,4,162
69ac4f281de44e0554912f1f639d82283795dc1f,5,40
69ac4f281de44e0554912f1f639d82283795dc1f,6,28
69ac4f281de44e0554912f1f639d82283795dc1f,7,22
69ac4f281de44e0554912f1f639d82283795dc1f,8,12
69ac4f281de44e0554912f1f639d82283795dc1f,9,33
69ac4f281de44e0554912f1f639d82283795dc1f,10,20
69ac4f281de44e0554912f1f639d82283795dc1f,11,10
69ac4f281de44e0554912f1f639d82283795dc1f,12,3
69ac4f281de44e0554912f1f639d82283795dc1f,13,8
36281d6e526ec52449440a5a7f391744f7564126,0,1
36281d6e526ec52449440a5a7f391744f7564126,1,5
36281d6e526ec52449440a5a7f391744f7564126,2,0
36281d6e526ec52449440a5a7f391744f7564126,3,1
36281d6e526ec52449440a5a7f391744f7564126,4,3
36281d6e526ec52449440a5a7f391744f7564126,5,0
36281d6e526ec52449440a5a7f391744f7564126,6,2
36281d6e526ec52449440a5a7f391744f7564126,7,4
36281d6e526ec52449440a5a7f391744f7564126,8,0
36281d6e526ec52449440a5a7f391744f7564126,9,1
36281d6e526ec52449440a5a7f391744f7564126,10,1
36281d6e526ec52449440a5a7f391744f7564126,11,1
36281d6e526ec52449440a5a7f391744f7564126,12,10
36281d6e526ec52449440a5a7f391744f7564126,13,0
882f423859d4c9e95a03dc70e9f68b2578a38146,0,0
882f423859d4c9e95a03dc70e9f68b2578a38146,1,0
882f423859d4c9e95a03dc70e9f68b2578a38146,2,2
882f423859d4c9e95a03dc70e9f68b2578a38146,3,7
882f423859d4c9e95a03dc70e9f68b2578a38146,4,2
882f423859d4c9e95a03dc70e9f68b2578a38146,5,0
882f423859d4c9e95a03dc70e9f68b2578a38146,6,0
882f423859d4c9e95a03dc70e9f68b2578a38146,7,0
882f423859d4c9e95a03dc70e9f68b2578a38146,8,0
882f423859d4c9e95a03dc70e9f68b2578a38146,9,6
882f423859d4c9e95a03dc70e9f68b2578a38146,10,0
882f423859d4c9e95a03dc70e9f68b2578a38146,11,1
882f423859d4c9e95a03dc70e9f68b2578a38146,12,2
882f423859d4c9e95a03dc70e9f68b2578a38146,13,0
78693c976f518e876aa94f0ba1c368b96f5ce245,0,20
78693c976f518e876aa94f0ba1c368b96f5ce245,1,6
78693c976f518e876aa94f0ba1c368b96f5ce245,2,15
78693c976f518e876aa94f0ba1c368b96f5ce245,3,62
78693c976f518e876aa94f0ba1c368b96f5ce245,4,35
78693c976f518e876aa94f0ba1c368b96f5ce245,5,0
78693c976f518e876aa94f0ba1c368b96f5ce245,6,4
78693c976f518e876aa94f0ba1c368b96f5ce245,7,15
78693c976f518e876aa94f0ba1c368b96f5ce245,8,18
78693c976f518e876aa94f0ba1c368b96f5ce245,9,28
78693c976f518e876aa94f0ba1c368b96f5ce245,10,37
78693c976f518e876aa94f0ba1c368b96f5ce245,11,10
78693c976f518e876aa94f0ba1c368b96f5ce245,12,0
78693c976f518e876aa94f0ba1c368b96f5ce245,13,40
6e35fad0b71471d43cd826cb52fc4dec40eeb682,0,4
6e35fad0b71471d43cd826cb52fc4dec40eeb682,1,44
6e35fad0b71471d43cd826cb52fc4dec40eeb682,2,6
6e35fad0b71471d43cd826cb52fc4dec40eeb682,3,7
6e35fad0b71471d43cd826cb52fc4dec40eeb682,4,49
6e35fad0b71471d43cd826cb52fc4dec40eeb682,5,43
6e35fad0b71471d43cd826cb52fc4dec40eeb682,6,33
6e35fad0b71471d43cd826cb52fc4dec40eeb682,7,3
6e35fad0b71471d43cd826cb52fc4dec40eeb682,8,9
6e35fad0b71471d43cd826cb52fc4dec40eeb682,9,5
6e35fad0b71471d43cd826cb52fc4dec40eeb682,10,9
6e35fad0b71471d43cd826cb52fc4dec40eeb682,11,11
6e35fad0b71471d43cd826cb52fc4dec40eeb682,12,5
6e35fad0b71471d43cd826cb52fc4dec40eeb682,13,13
1edd01d8b7baac9f57cb4dbc9f4f8e02b04984b5,0,2
1edd01d8b7baac9f57cb4dbc9f4f8e02b04984b5,1,1
1edd01d8b7baac9f57cb4dbc9f4f8e02b04984b5,2,1
1edd01d8b7baac9f57cb4dbc9f4f8e02b04984b5,3,1
1edd01d8b7baac9f57cb4dbc9f4f8e02b04984b5,4,0
1edd01d8b7baac9f57cb4dbc9f4f8e02b04984b5,5,0
1edd01d8b7baac9f57cb4dbc9f4f8e02b04984b5,6,1
1edd01d8b7baac9f57cb4dbc9f4f8e02b04984b5,7,0
1edd01d8b7baac9f57cb4dbc9f4f8e02b04984b5,8,0
1edd01d8b7baac9f57cb4dbc9f4f8e02b04984b5,9,1
1edd01d8b7baac9f57cb4dbc9f4f8e02b04984b5,10,3
1edd01d8b7baac9f57cb4dbc9f4f8e02b04984b5,11,2
1edd01d8b7baac9f57cb4dbc9f4f8e02b04984b5,12,2
1edd01d8b7baac9f57cb4dbc9f4f8e02b04984b5,13,1
162e5c70680af85a754fcbf19a435534a614746c,0,5
162e5c70680af85a754fcbf19a435534a614746c,1,9
162e5c70680af85a754fcbf19a435534a614746c,2,3
162e5c70680af85a754fcbf19a435534a614746c,3,6
162e5c70680af85a754fcbf19a435534a614746c,4,11
162e5c70680af85a754fcbf19a435534a614746c,5,19
162e5c70680af85a754fcbf19a435534a614746c,6,7
162e5c70680af85a754fcbf19a435534a614746c,7,3
162e5c70680af85a754fcbf19a435534a614746c,8,3
162e5c70680af85a754fcbf19a435534a614746c,9,21
162e5c70680af85a754fcbf19a435534a614746c,10,6
162e5c70680af85a754fcbf19a435534a614746c,11,7
162e5c70680af85a754fcbf19a435534a614746c,12,3
162e5c70680af85a754fcbf19a435534a614746c,13,1
934d8deead566cc2fb1ab71b65c652b5b6a44982,0,0
934d8deead566cc2fb1ab71b65c652b5b6a44982,1,1
934d8deead566cc2fb1ab71b65c652b5b6a44982,2,0
934d8deead566cc2fb1ab71b65c652b5b6a44982,3,2
934d8deead566cc2fb1ab71b65c652b5b6a44982,4,4
934d8deead566cc2fb1ab71b65c652b5b6a44982,5,1
934d8deead566cc2fb1ab71b65c652b5b6a44982,6,5
934d8deead566cc2fb1ab71b65c652b5b6a44982,7,0
934d8deead566cc2fb1ab71b65c652b5b6a44982,8,0
934d8deead566cc2fb1ab71b65c652b5b6a44982,9,0
934d8deead566cc2fb1ab71b65c652b5b6a44982,10,1
934d8deead566cc2fb1ab71b65c652b5b6a44982,11,0
934d8deead566cc2fb1ab71b65c652b5b6a44982,12,3
934d8deead566cc2fb1ab71b65c652b5b6a44982,13,0
2d445a8dfb15b2a57fafa137f923f6fa4c241fb3,0,5
2d445a8dfb15b2a57fafa137f923f6fa4c241fb3,1,23
2d445a8dfb15b2a57fafa137f923f6fa4c241fb3,2,3
2d445a8dfb15b2a57fafa137f923f6fa4c241fb3,3,3
2d445a8dfb15b2a57fafa137f923f6fa4c241fb3,4,22
2d445a8dfb15b2a57fafa137f923f6fa4c241fb3,5,43
2d445a8dfb15b2a57fafa137f923f6fa4c241fb3,6,13
2d445a8dfb15b2a57fafa137f923f6fa4c241fb3,7,8
2d445a8dfb15b2a57fafa137f923f6fa4c241fb3,8,4
2d445a8dfb15b2a57fafa137f923f6fa4c241fb3,9,12
2d445a8dfb15b2a57fafa137f923f6fa4c241fb3,10,14
2d445a8dfb15b2a57fafa137f923f6fa4c241fb3,11,8
2d445a8dfb15b2a57fafa137f923f6fa4c241fb3,12,0
2d445a8dfb15b2a57fafa137f923f6fa4c241fb3,13,15
39dd82faffcefae947785f598cb53d2ed6becb0e,0,1
39dd82faffcefae947785f598cb53d2ed6becb0e,1,1
39dd82faffcefae947785f598cb53d2ed6becb0e,2,0
39dd82faffcefae947785f598cb53d2ed6becb0e,3,1
39dd82faffcefae947785f598cb53d2ed6becb0e,4,1
39dd82faffcefae947785f598cb53d2ed6becb0e,5,1
39dd82faffcefae947785f598cb53d2ed6becb0e,6,2
39dd82faffcefae947785f598cb53d2ed6becb0e,7,6
39dd82faffcefae947785f598cb53d2ed6becb0e,8,8
39dd82faffcefae947785f598cb53d2ed6becb0e,9,4
39dd82faffcefae947785f598cb53d2ed6becb0e,10,6
39dd82faffcefae947785f598cb53d2ed6becb0e,11,4
39dd82faffcefae947785f598cb53d2ed6becb0e,12,0
39dd82faffcefae947785f598cb53d2ed6becb0e,13,3
16ecd6cc606cea097d4f5830401969720cf134bb,0,11
16ecd6cc606cea097d4f5830401969720cf134bb,1,97
16ecd6cc606cea097d4f5830401969720cf134bb,2,10
16ecd6cc606cea097d4f5830401969720cf134bb,3,31
16ecd6cc606cea097d4f5830401969720cf134bb,4,57
16ecd6cc606cea097d4f5830401969720cf134bb,5,1
16ecd6cc606cea097d4f5830401969720cf134bb,6,69
16ecd6cc606cea097d4f5830401969720cf134bb,7,5
16ecd6cc606cea097d4f5830401969720cf134bb,8,44
16ecd6cc606cea097d4f5830401969720cf134bb,9,17
16ecd6cc606cea097d4f5830401969720cf134bb,10,6
16ecd6cc606cea097d4f5830401969720cf134bb,11,30
16ecd6cc606cea097d4f5830401969720cf134bb,12,0
16ecd6cc606cea097d4f5830401969720cf134bb,13,32
f2bc87a01ebb952ea30b24f36877c12c85fe28e1,0,1
f2bc87a01ebb952ea30b24f36877c12c85fe28e1,1,2
f2bc87a01ebb952ea30b24f36877c12c85fe28e1,2,1
f2bc87a01ebb952ea30b24f36877c12c85fe28e1,3,1
f2bc87a01ebb952ea30b24f36877c12c85fe28e1,4,9
f2bc87a01ebb952ea30b24f36877c12c85fe28e1,5,3
f2bc87a01ebb952ea30b24f36877c12c85fe28e1,6,4
f2bc87a01ebb952ea30b24f36877c12c85fe28e1,7,0
f2bc87a01ebb952ea30b24f36877c12c85fe28e1,8,2
f2bc87a01ebb952ea30b24f36877c12c85fe28e1,9,1
f2bc87a01ebb952ea30b24f36877c12c85fe28e1,10,6
f2bc87a01ebb952ea30b24f36877c12c85fe28e1,11,1
f2bc87a01ebb952ea30b24f36877c12c85fe28e1,12,0
f2bc87a01ebb952ea30b24f36877c12c85fe28e1,13,0
dd1e586b2a389b148bf09422a7e84d9d5d932c5a,0,4
dd1e586b2a389b148bf09422a7e84d9d5d932c5a,1,9
dd1e586b2a389b148bf09422a7e84d9d5d932c5a,2,3
dd1e586b2a389b148bf09422a7e84d9d5d932c5a,3,11
dd1e586b2a389b148bf09422a7e84d9d5d932c5a,4,31
dd1e586b2a389b148bf09422a7e84d9d5d932c5a,5,19
dd1e586b2a389b148bf09422a7e84d9d5d932c5a,6,9
dd1e586b2a389b148bf09422a7e84d9d5d932c5a,7,14
dd1e586b2a389b148bf09422a7e84d9d5d932c5a,8,10
dd1e586b2a389b148bf09422a7e84d9d5d932c5a,9,6
dd1e586b2a389b148bf09422a7e84d9d5d932c5a,10,4
dd1e586b2a389b148bf09422a7e84d9d5d932c5a,11,7
dd1e586b2a389b148bf09422a7e84d9d5d932c5a,12,1
dd1e586b2a389b148bf09422a7e84d9d5d932c5a,13,1
23e51a75e1f6cd5cc601eb160c4e36adcf34beca,0,6
23e51a75e1f6cd5cc601eb160c4e36adcf34beca,1,28
23e51a75e1f6cd5cc601eb160c4e36adcf34beca,2,0
23e51a75e1f6cd5cc601eb160c4e36adcf34beca,3,1
23e51a75e1f6cd5cc601eb160c4e36adcf34beca,4,1
23e51a75e1f6cd5cc601eb160c4e36adcf34beca,5,25
23e51a75e1f6cd5cc601eb160c4e36adcf34beca,6,11
23e51a75e1f6cd5cc601eb160c4e36adcf34beca,7,0
23e51a75e1f6cd5cc601eb160c4e36adcf34beca,8,3
23e51a75e1f6cd5cc601eb160c4e36adcf34beca,9,0
23e51a75e1f6cd5cc601eb160c4e36adcf34beca,10,1
23e51a75e1f6cd5cc601eb160c4e36adcf34beca,11,9
23e51a75e1f6cd5cc601eb160c4e36adcf34beca,12,6
23e51a75e1f6cd5cc601eb160c4e36adcf34beca,13,0
3046ca6dbd31cdfc94a511b10b8209f539df522f,0,1
3046ca6dbd31cdfc94a511b10b8209f539df522f,1,102
3046ca6dbd31cdfc94a511b10b8209f539df522f,2,12
3046ca6dbd31cdfc94a511b10b8209f539df522f,3,0
3046ca6dbd31cdfc94a511b10b8209f539df522f,4,52
3046ca6dbd31cdfc94a511b10b8209f539df522f,5,100
3046ca6dbd31cdfc94a511b10b8209f539df522f,6,136
3046ca6dbd31cdfc94a511b10b8209f539df522f,7,113
3046ca6dbd31cdfc94a511b10b8209f539df522f,8,9
3046ca6dbd31cdfc94a511b10b8209f539df522f,9,13
3046ca6dbd31cdfc94a511b10b8209f539df522f,10,85
3046ca6dbd31cdfc94a511b10b8209f539df522f,11,76
3046ca6dbd31cdfc94a511b10b8209f539df522f,12,5
3046ca6dbd31cdfc94a511b10b8209f539df522f,13,7
51b7aa0f5b4a925053d585b92a9308e348c4a9d5,0,3
51b7aa0f5b4a925053d585b92a9308e348c4a9d5,1,7
51b7aa0f5b4a925053d585b92a9308e348c4a9d5,2,2
51b7aa0f5b4a925053d585b92a9308e348c4a9d5,3,4
51b7aa0f5b4a925053d585b92a9308e348c4a9d5,4,11
51b7aa0f5b4a925053d585b92a9308e348c4a9d5,5,0
51b7aa0f5b4a925053d585b92a9308e348c4a9d5,6,6
51b7aa0f5b4a925053d585b92a9308e348c4a9d5,7,4
51b7aa0f5b4a925053d585b92a9308e348c4a9d5,8,6
51b7aa0f5b4a925053d585b92a9308e348c4a9d5,9,6
51b7aa0f5b4a925053d585b92a9308e348c4a9d5,10,5
51b7aa0f5b4a925053d585b92a9308e348c4a9d5,11,0
51b7aa0f5b4a925053d585b92a9308e348c4a9d5,12,0
51b7aa0f5b4a925053d585b92a9308e348c4a9d5,13,3
6c4e7f5eedc1d9956fc280b2ccdb5240aef1e329,0,3
6c4e7f5eedc1d9956fc280b2ccdb5240aef1e329,1,8
6c4e7f5eedc1d9956fc280b2ccdb5240aef1e329,2,9
6c4e7f5eedc1d9956fc280b2ccdb5240aef1e329,3,12
6c4e7f5eedc1d9956fc280b2ccdb5240aef1e329,4,13
6c4e7f5eedc1d9956fc280b2ccdb5240aef1e329,5,4
6c4e7f5eedc1d9956fc280b2ccdb5240aef1e329,6,4
6c4e7f5eedc1d9956fc280b2ccdb5240aef1e329,7,10
6c4e7f5eedc1d9956fc280b2ccdb5240aef1e329,8,17
6c4e7f5eedc1d9956fc280b2ccdb5240aef1e329,9,2
6c4e7f5eedc1d9956fc280b2ccdb5240aef1e329,10,11
6c4e7f5eedc1d9956fc280b2ccdb5240aef1e329,11,0
6c4e7f5eedc1d9956fc280b2ccdb5240aef1e329,12,3
6c4e7f5eedc1d9956fc280b2ccdb5240aef1e329,13,3
734afa3b732ea689b97c1c862ae3bb5e1a487a91,0,9
734afa3b732ea689b97c1c862ae3bb5e1a487a91,1,3
734afa3b732ea689b97c1c862ae3bb5e1a487a91,2,6
734afa3b732ea689b97c1c862ae3bb5e1a487a91,3,1
734afa3b732ea689b97c1c862ae3bb5e1a487a91,4,11
734afa3b732ea689b97c1c862ae3bb5e1a487a91,5,0
734afa3b732ea689b97c1c862ae3bb5e1a487a91,6,12
734afa3b732ea689b97c1c862ae3bb5e1a487a91,7,1
734afa3b732ea689b97c1c862ae3bb5e1a487a91,8,5
734afa3b732ea689b97c1c862ae3bb5e1a487a91,9,4
734afa3b732ea689b97c1c862ae3bb5e1a487a91,10,0
734afa3b732ea689b97c1c862ae3bb5e1a487a91,11,3
734afa3b732ea689b97c1c862ae3bb5e1a487a91,12,0
734afa3b732ea689b97c1c862ae3bb5e1a487a91,13,0
26fc0dc4d85da38e2c853f55772a0e212edc6468,0,1
26fc0dc4d85da38e2c853f55772a0e212edc6468,1,16
26fc0dc4d85da38e2c853f55772a0e212edc6468,2,14
26fc0dc4d85da38e2c853f55772a0e212edc6468,3,28
26fc0dc4d85da38e2c853f55772a0e212edc6468,4,29
26fc0dc4d85da38e2c853f55772a0e212edc6468,5,20
26fc0dc4d85da38e2c853f55772a0e212edc6468,6,6
26fc0dc4d85da38e2c853f55772a0e212edc6468,7,2
26fc0dc4d85da38e2c853f55772a0e212edc6468,8,5
26fc0dc4d85da38e2c853f55772a0e212edc6468,9,19
26fc0dc4d85da38e2c853f55772a0e212edc6468,10,13
26fc0dc4d85da38e2c853f55772a0e212edc6468,11,5
26fc0dc4d85da38e2c853f55772a0e212edc6468,12,2
26fc0dc4d85da38e2c853f55772a0e212edc6468,13,0
757149b246b1bac6a2f642d669435b24207aaf3d,0,5
757149b246b1bac6a2f642d669435b24207aaf3d,1,8
757149b246b1bac6a2f642d669435b24207aaf3d,2,1
757149b246b1bac6a2f642d669435b24207aaf3d,3,6
757149b246b1bac6a2f642d669435b24207aaf3d,4,16
757149b246b1bac6a2f642d669435b24207aaf3d,5,3
757149b246b1bac6a2f642d669435b24207aaf3d,6,6
757149b246b1bac6a2f642d669435b24207aaf3d,7,7
757149b246b1bac6a2f642d669435b24207aaf3d,8,3
757149b246b1bac6a2f642d669435b24207aaf3d,9,3
757149b246b1bac6a2f642d669435b24207aaf3d,10,11
757149b246b1bac6a2f642d669435b24207aaf3d,11,2
757149b246b1bac6a2f642d669435b24207aaf3d,12,0
757149b246b1bac6a2f642d669435b24207aaf3d,13,7
c3b1a91dfc4b2c249ca1e5b0b21cfff1ac33c01c,0,0
c3b1a91dfc4b2c249ca1e5b0b21cfff1ac33c01c,1,0
c3b1a91dfc4b2c249ca1e5b0b21cfff1ac33c01c,2,19
c3b1a91dfc4b2c249ca1e5b0b21cfff1ac33c01c,3,1
c3b1a91dfc4b2c249ca1e5b0b21cfff1ac33c01c,4,0
c3b1a91dfc4b2c249ca1e5b0b21cfff1ac33c01c,5,2
c3b1a91dfc4b2c249ca1e5b0b21cfff1ac33c01c,6,1
c3b1a91dfc4b2c249ca1e5b0b21cfff1ac33c01c,7,0
c3b1a91dfc4b2c249ca1e5b0b21cfff1ac33c01c,8,0
c3b1a91dfc4b2c249ca1e5b0b21cfff1ac33c01c,9,1
c3b1a91dfc4b2c249ca1e5b0b21cfff1ac33c01c,10,21
c3b1a91dfc4b2c249ca1e5b0b21cfff1ac33c01c,11,0
c3b1a91dfc4b2c249ca1e5b0b21cfff1ac33c01c,12,0
c3b1a91dfc4b2c249ca1e5b0b21cfff1ac33c01c,13,14
5f09ddeee11a4def1e03f2211ee3341e4968685c,0,1
5f09ddeee11a4def1e03f2211ee3341e4968685c,1,6
5f09ddeee11a4def1e03f2211ee3341e4968685c,2,0
5f09ddeee11a4def1e03f2211ee3341e4968685c,3,0
5f09ddeee11a4def1e03f2211ee3341e4968685c,4,6
5f09ddeee11a4def1e03f2211ee3341e4968685c,5,0
5f09ddeee11a4def1e03f2211ee3341e4968685c,6,2
5f09ddeee11a4def1e03f2211ee3341e4968685c,7,0
5f09ddeee11a4def1e03f2211ee3341e4968685c,8,1
5f09ddeee11a4def1e03f2211ee3341e4968685c,9,0
5f09ddeee11a4def1e03f2211ee3341e4968685c,10,6
5f09ddeee11a4def1e03f2211ee3341e4968685c,11,1
5f09ddeee11a4def1e03f2211ee3341e4968685c,12,0
5f09ddeee11a4def1e03f2211ee3341e4968685c,13,2
9244a337a453a977a7093d905a1bffedf08bf0f6,0,1
9244a337a453a977a7093d905a1bffedf08bf0f6,1,1
9244a337a453a977a7093d905a1bffedf08bf0f6,2,0
9244a337a453a977a7093d905a1bffedf08bf0f6,3,0
9244a337a453a977a7093d905a1bffedf08bf0f6,4,4
9244a337a453a977a7093d905a1bffedf08bf0f6,5,0
9244a337a453a977a7093d905a1bffedf08bf0f6,6,1
9244a337a453a977a7093d905a1bffedf08bf0f6,7,1
9244a337a453a977a7093d905a1bffedf08bf0f6,8,0
9244a337a453a977a7093d905a1bffedf08bf0f6,9,23
9244a337a453a977a7093d905a1bffedf08bf0f6,10,20
9244a337a453a977a7093d905a1bffedf08bf0f6,11,12
9244a337a453a977a7093d905a1bffedf08bf0f6,12,0
9244a337a453a977a7093d905a1bffedf08bf0f6,13,0
4d0fc2bc8a2a0cba9e3ab44ff897b77509f1f707,0,0
4d0fc2bc8a2a0cba9e3ab44ff897b77509f1f707,1,2
4d0fc2bc8a2a0cba9e3ab44ff897b77509f1f707,2,0
4d0fc2bc8a2a0cba9e3ab44ff897b77509f1f707,3,4
4d0fc2bc8a2a0cba9e3ab44ff897b77509f1f707,4,3
4d0fc2bc8a2a0cba9e3ab44ff897b77509f1f707,5,0
4d0fc2bc8a2a0cba9e3ab44ff897b77509f1f707,6,1
4d0fc2bc8a2a0cba9e3ab44ff897b77509f1f707,7,2
4d0fc2bc8a2a0cba9e3ab44ff897b77509f1f707,8,1
4d0fc2bc8a2a0cba9e3ab44ff897b77509f1f707,9,3
4d0fc2bc8a2a0cba9e3ab44ff897b77509f1f707,10,0
4d0fc2bc8a2a0cba9e3ab44ff897b77509f1f707,11,0
4d0fc2bc8a2a0cba9e3ab44ff897b77509f1f707,12,0
4d0fc2bc8a2a0cba9e3ab44ff897b77509f1f707,13,3
fd32d43e2a9b4176e21af6f0bd7b549fb4aa8360,0,3
fd32d43e2a9b4176e21af6f0bd7b549fb4aa8360,1,13
fd32d43e2a9b4176e21af6f0bd7b549fb4aa8360,2,10
fd32d43e2a9b4176e21af6f0bd7b549fb4aa8360,3,26
fd32d43e2a9b4176e21af6f0bd7b549fb4aa8360,4,52
fd32d43e2a9b4176e21af6f0bd7b549fb4aa8360,5,26
fd32d43e2a9b4176e21af6f0bd7b549fb4aa8360,6,54
fd32d43e2a9b4176e21af6f0bd7b549fb4aa8360,7,5
fd32d43e2a9b4176e21af6f0bd7b549fb4aa8360,8,22
fd32d43e2a9b4176e21af6f0bd7b549fb4aa8360,9,33
fd32d43e2a9b4176e21af6f0bd7b549fb4aa8360,10,33
fd32d43e2a9b4176e21af6f0bd7b549fb4aa8360,11,8
fd32d43e2a9b4176e21af6f0bd7b549fb4aa8360,12,1
fd32d43e2a9b4176e21af6f0bd7b549fb4aa8360,13,19
2e9052c46e7a0f0ca56c23ec975641a81b2f83bb,0,3
2e9052c46e7a0f0ca56c23ec975641a81b2f83bb,1,14
2e9052c46e7a0f0ca56c23ec975641a81b2f83bb,2,1
2e9052c46e7a0f0ca56c23ec975641a81b2f83bb,3,12
2e9052c46e7a0f0ca56c23ec975641a81b2f83bb,4,15
2e9052c46e7a0f0ca56c23ec975641a81b2f83bb,5,0
2e9052c46e7a0f0ca56c23ec975641a81b2f83bb,6,8
2e9052c46e7a0f0ca56c23ec975641a81b2f83bb,7,3
2e9052c46e7a0f0ca56c23ec975641a81b2f83bb,8,0
2e9052c46e7a0f0ca56c23ec975641a81b2f83bb,9,8
2e9052c46e7a0f0ca56c23ec975641a81b2f83bb,10,26
2e9052c46e7a0f0ca56c23ec975641a81b2f83bb,11,6
2e9052c46e7a0f0ca56c23ec975641a81b2f83bb,12,0
2e9052c46e7a0f0ca56c23ec975641a81b2f83bb,13,0
4919b814ef9f735ec78178c8d69a0f2fe6ef266a,0,1
4919b814ef9f735ec78178c8d69a0f2fe6ef266a,1,49
4919b814ef9f735ec78178c8d69a0f2fe6ef266a,2,3
4919b814ef9f735ec78178c8d69a0f2fe6ef266a,3,55
4919b814ef9f735ec78178c8d69a0f2fe6ef266a,4,57
4919b814ef9f735ec78178c8d69a0f2fe6ef266a,5,28
4919b814ef9f735ec78178c8d69a0f2fe6ef266a,6,11
4919b814ef9f735ec78178c8d69a0f2fe6ef266a,7,89
4919b814ef9f735ec78178c8d69a0f2fe6ef266a,8,23
4919b814ef9f735ec78178c8d69a0f2fe6ef266a,9,27
4919b814ef9f735ec78178c8d69a0f2fe6ef266a,10,296
4919b814ef9f735ec78178c8d69a0f2fe6ef266a,11,19
4919b814ef9f735ec78178c8d69a0f2fe6ef266a,12,3
4919b814ef9f735ec78178c8d69a0f2fe6ef266a,13,70
46cd136af019045dab88b88f9564adb617c4cc6e,0,18
46cd136af019045dab88b88f9564adb617c4cc6e,1,67
46cd136af019045dab88b88f9564adb617c4cc6e,2,34
46cd136af019045dab88b88f9564adb617c4cc6e,3,45
46cd136af019045dab88b88f9564adb617c4cc6e,4,101
46cd136af019045dab88b88f9564adb617c4cc6e,5,15
46cd136af019045dab88b88f9564adb617c4cc6e,6,38
46cd136af019045dab88b88f9564adb617c4cc6e,7,18
46cd136af019045dab88b88f9564adb617c4cc6e,8,32
46cd136af019045dab88b88f9564adb617c4cc6e,9,46
46cd136af019045dab88b88f9564adb617c4cc6e,10,23
46cd136af019045dab88b88f9564adb617c4cc6e,11,29
46cd136af019045dab88b88f9564adb617c4cc6e,12,1
46cd136af019045dab88b88f9564adb617c4cc6e,13,46
d8de80dcc98a395c2956d43a68e745e422088a11,0,2
d8de80dcc98a395c2956d43a68e745e422088a11,1,2
d8de80dcc98a395c2956d43a68e745e422088a11,2,0
d8de80dcc98a395c2956d43a68e745e422088a11,3,0
d8de80dcc98a395c2956d43a68e745e422088a11,4,3
d8de80dcc98a395c2956d43a68e745e422088a11,5,2
d8de80dcc98a395c2956d43a68e745e422088a11,6,1
d8de80dcc98a395c2956d43a68e745e422088a11,7,1
d8de80dcc98a395c2956d43a68e745e422088a11,8,0
d8de80dcc98a395c2956d43a68e745e422088a11,9,1
d8de80dcc98a395c2956d43a68e745e422088a11,10,0
d8de80dcc98a395c2956d43a68e745e422088a11,11,5
d8de80dcc98a395c2956d43a68e745e422088a11,12,0
d8de80dcc98a395c2956d43a68e745e422088a11,13,0
e79faefcc521c919934c9546a0dc80d9b2cad4fe,0,0
e79faefcc521c919934c9546a0dc80d9b2cad4fe,1,1
e79faefcc521c919934c9546a0dc80d9b2cad4fe,2,2
e79faefcc521c919934c9546a0dc80d9b2cad4fe,3,0
e79faefcc521c919934c9546a0dc80d9b2cad4fe,4,1
e79faefcc521c919934c9546a0dc80d9b2cad4fe,5,0
e79faefcc521c919934c9546a0dc80d9b2cad4fe,6,0
e79faefcc521c919934c9546a0dc80d9b2cad4fe,7,3
e79faefcc521c919934c9546a0dc80d9b2cad4fe,8,0
e79faefcc521c919934c9546a0dc80d9b2cad4fe,9,2
e79faefcc521c919934c9546a0dc80d9b2cad4fe,10,1
e79faefcc521c919934c9546a0dc80d9b2cad4fe,11,2
e79faefcc521c919934c9546a0dc80d9b2cad4fe,12,0
e79faefcc521c919934c9546a0dc80d9b2cad4fe,13,0
3d2894426bc5ab314a0bf2f2e34a40880e97bcb0,0,2
3d2894426bc5ab314a0bf2f2e34a40880e97bcb0,1,0
3d2894426bc5ab314a0bf2f2e34a40880e97bcb0,2,0
3d2894426bc5ab314a0bf2f2e34a40880e97bcb0,3,0
3d2894426bc5ab314a0bf2f2e34a40880e97bcb0,4,29
3d2894426bc5ab314a0bf2f2e34a40880e97bcb0,5,0
3d2894426bc5ab314a0bf2f2e34a40880e97bcb0,6,0
3d2894426bc5ab314a0bf2f2e34a40880e97bcb0,7,0
3d2894426bc5ab314a0bf2f2e34a40880e97bcb0,8,57
3d2894426bc5ab314a0bf2f2e34a40880e97bcb0,9,59
3d2894426bc5ab314a0bf2f2e34a40880e97bcb0,10,16
3d2894426bc5ab314a0bf2f2e34a40880e97bcb0,11,0
3d2894426bc5ab314a0bf2f2e34a40880e97bcb0,12,14
3d2894426bc5ab314a0bf2f2e34a40880e97bcb0,13,3
46308b8a8a0bce063e6d77cf682cd43a53cbc916,0,1
46308b8a8a0bce063e6d77cf682cd43a53cbc916,1,2
46308b8a8a0bce063e6d77cf682cd43a53cbc916,2,1
46308b8a8a0bce063e6d77cf682cd43a53cbc916,3,4
46308b8a8a0bce063e6d77cf682cd43a53cbc916,4,11
46308b8a8a0bce063e6d77cf682cd43a53cbc916,5,1
46308b8a8a0bce063e6d77cf682cd43a53cbc916,6,3
46308b8a8a0bce063e6d77cf682cd43a53cbc916,7,1
46308b8a8a0bce063e6d77cf682cd43a53cbc916,8,0
46308b8a8a0bce063e6d77cf682cd43a53cbc916,9,5
46308b8a8a0bce063e6d77cf682cd43a53cbc916,10,0
46308b8a8a0bce063e6d77cf682cd43a53cbc916,11,0
46308b8a8a0bce063e6d77cf682cd43a53cbc916,12,0
46308b8a8a0bce063e6d77cf682cd43a53cbc916,13,0
1ca03278d2a4b207df9ce6886c071be74c164b60,0,6
1ca03278d2a4b207df9ce6886c071be74c164b60,1,4
1ca03278d2a4b207df9ce6886c071be74c164b60,2,17
1ca03278d2a4b207df9ce6886c071be74c164b60,3,92
1ca03278d2a4b207df9ce6886c071be74c164b60,4,66
1ca03278d2a4b207df9ce6886c071be74c164b60,5,7
1ca03278d2a4b207df9ce6886c071be74c164b60,6,0
1ca03278d2a4b207df9ce6886c071be74c164b60,7,5
1ca03278d2a4b207df9ce6886c071be74c164b60,8,9
1ca03278d2a4b207df9ce6886c071be74c164b60,9,17
1ca03278d2a4b207df9ce6886c071be74c164b60,10,8
1ca03278d2a4b207df9ce6886c071be74c164b60,11,5
1ca03278d2a4b207df9ce6886c071be74c164b60,12,0
1ca03278d2a4b207df9ce6886c071be74c164b60,13,43
c828818b0e83ad60bf724451eb61ac2cc6b84543,0,6
c828818b0e83ad60bf724451eb61ac2cc6b84543,1,3
c828818b0e83ad60bf724451eb61ac2cc6b84543,2,7
c828818b0e83ad60bf724451eb61ac2cc6b84543,3,5
c828818b0e83ad60bf724451eb61ac2cc6b84543,4,1
c828818b0e83ad60bf724451eb61ac2cc6b84543,5,1
c828818b0e83ad60bf724451eb61ac2cc6b84543,6,2
c828818b0e83ad60bf724451eb61ac2cc6b84543,7,1
c828818b0e83ad60bf724451eb61ac2cc6b84543,8,2
c828818b0e83ad60bf724451eb61ac2cc6b84543,9,3
c828818b0e83ad60bf724451eb61ac2cc6b84543,10,1
c828818b0e83ad60bf724451eb61ac2cc6b84543,11,0
c828818b0e83ad60bf724451eb61ac2cc6b84543,12,0
c828818b0e83ad60bf724451eb61ac2cc6b84543,13,0
852e57bc3b8f4db3801942fd09262e27c0823e5e,0,4
852e57bc3b8f4db3801942fd09262e27c0823e5e,1,17
852e57bc3b8f4db3801942fd09262e27c0823e5e,2,29
852e57bc3b8f4db3801942fd09262e27c0823e5e,3,34
852e57bc3b8f4db3801942fd09262e27c0823e5e,4,42
852e57bc3b8f4db3801942fd09262e27c0823e5e,5,2
852e57bc3b8f4db3801942fd09262e27c0823e5e,6,18
852e57bc3b8f4db3801942fd09262e27c0823e5e,7,10
852e57bc3b8f4db3801942fd09262e27c0823e5e,8,71
852e57bc3b8f4db3801942fd09262e27c0823e5e,9,57
852e57bc3b8f4db3801942fd09262e27c0823e5e,10,15
852e57bc3b8f4db3801942fd09262e27c0823e5e,11,19
852e57bc3b8f4db3801942fd09262e27c0823e5e,12,4
852e57bc3b8f4db3801942fd09262e27c0823e5e,13,16
7d9a4764360c21832958a4b33a489f535dd58067,0,0
7d9a4764360c21832958a4b33a489f535dd58067,1,1
7d9a4764360c21832958a4b33a489f535dd58067,2,5
7d9a4764360c21832958a4b33a489f535dd58067,3,0
7d9a4764360c21832958a4b33a489f535dd58067,4,63
7d9a4764360c21832958a4b33a489f535dd58067,5,0
7d9a4764360c21832958a4b33a489f535dd58067,6,5
7d9a4764360c21832958a4b33a489f535dd58067,7,2
7d9a4764360c21832958a4b33a489f535dd58067,8,47
7d9a4764360c21832958a4b33a489f535dd58067,9,6
7d9a4764360c21832958a4b33a489f535dd58067,10,3
7d9a4764360c21832958a4b33a489f535dd58067,11,0
7d9a4764360c21832958a4b33a489f535dd58067,12,0
7d9a4764360c21832958a4b33a489f535dd58067,13,5
a9d12aedc01d200b1a6b4380498f840c8000648b,0,5
a9d12aedc01d200b1a6b4380498f840c8000648b,1,3
a9d12aedc01d200b1a6b4380498f840c8000648b,2,6
a9d12aedc01d200b1a6b4380498f840c8000648b,3,5
a9d12aedc01d200b1a6b4380498f840c8000648b,4,16
a9d12aedc01d200b1a6b4380498f840c8000648b,5,0
a9d12aedc01d200b1a6b4380498f840c8000648b,6,0
a9d12aedc01d200b1a6b4380498f840c8000648b,7,3
a9d12aedc01d200b1a6b4380498f840c8000648b,8,0
a9d12aedc01d200b1a6b4380498f840c8000648b,9,0
a9d12aedc01d200b1a6b4380498f840c8000648b,10,4
a9d12aedc01d200b1a6b4380498f840c8000648b,11,2
a9d12aedc01d200b1a6b4380498f840c8000648b,12,0
a9d12aedc01d200b1a6b4380498f840c8000648b,13,3
832780ced1b4a79a8fb1e089e1df5fea978d2bb7,0,1
832780ced1b4a79a8fb1e089e1df5fea978d2bb7,1,6
832780ced1b4a79a8fb1e089e1df5fea978d2bb7,2,1
832780ced1b4a79a8fb1e089e1df5fea978d2bb7,3,1
832780ced1b4a79a8fb1e089e1df5fea978d2bb7,4,4
832780ced1b4a79a8fb1e089e1df5fea978d2bb7,5,4
832780ced1b4a79a8fb1e089e1df5fea978d2bb7,6,2
832780ced1b4a79a8fb1e089e1df5fea978d2bb7,7,0
832780ced1b4a79a8fb1e089e1df5fea978d2bb7,8,6
832780ced1b4a79a8fb1e089e1df5fea978d2bb7,9,5
832780ced1b4a79a8fb1e089e1df5fea978d2bb7,10,3
832780ced1b4a79a8fb1e089e1df5fea978d2bb7,11,1
832780ced1b4a79a8fb1e089e1df5fea978d2bb7,12,0
832780ced1b4a79a8fb1e089e1df5fea978d2bb7,13,6
7fccb44292c6e76d83880716274edebc60fe1dde,0,6
7fccb44292c6e76d83880716274edebc60fe1dde,1,14
7fccb44292c6e76d83880716274edebc60fe1dde,2,6
7fccb44292c6e76d83880716274edebc60fe1dde,3,18
7fccb44292c6e76d83880716274edebc60fe1dde,4,12
7fccb44292c6e76d83880716274edebc60fe1dde,5,15
7fccb44292c6e76d83880716274edebc60fe1dde,6,17
7fccb44292c6e76d83880716274edebc60fe1dde,7,14
7fccb44292c6e76d83880716274edebc60fe1dde,8,13
7fccb44292c6e76d83880716274edebc60fe1dde,9,12
7fccb44292c6e76d83880716274edebc60fe1dde,10,16
7fccb44292c6e76d83880716274edebc60fe1dde,11,28
7fccb44292c6e76d83880716274edebc60fe1dde,12,2
7fccb44292c6e76d83880716274edebc60fe1dde,13,14
df430991d5695e2b45327ff8ec488b1382fb0312,0,0
df430991d5695e2b45327ff8ec488b1382fb0312,1,0
df430991d5695e2b45327ff8ec488b1382fb0312,2,0
df430991d5695e2b45327ff8ec488b1382fb0312,3,0
df430991d5695e2b45327ff8ec488b1382fb0312,4,5
df430991d5695e2b45327ff8ec488b1382fb0312,5,1
df430991d5695e2b45327ff8ec488b1382fb0312,6,1
df430991d5695e2b45327ff8ec488b1382fb0312,7,7
df430991d5695e2b45327ff8ec488b1382fb0312,8,1
df430991d5695e2b45327ff8ec488b1382fb0312,9,5
df430991d5695e2b45327ff8ec488b1382fb0312,10,0
df430991d5695e2b45327ff8ec488b1382fb0312,11,0
df430991d5695e2b45327ff8ec488b1382fb0312,12,1
df430991d5695e2b45327ff8ec488b1382fb0312,13,6
9df9321fe1601ee474c7e40d17ecb22c4c964fd9,0,0
9df9321fe1601ee474c7e40d17ecb22c4c964fd9,1,22
9df9321fe1601ee474c7e40d17ecb22c4c964fd9,2,9
9df9321fe1601ee474c7e40d17ecb22c4c964fd9,3,97
9df9321fe1601ee474c7e40d17ecb22c4c964fd9,4,116
9df9321fe1601ee474c7e40d17ecb22c4c964fd9,5,38
9df9321fe1601ee474c7e40d17ecb22c4c964fd9,6,13
9df9321fe1601ee474c7e40d17ecb22c4c964fd9,7,25
9df9321fe1601ee474c7e40d17ecb22c4c964fd9,8,0
9df9321fe1601ee474c7e40d17ecb22c4c964fd9,9,23
9df9321fe1601ee474c7e40d17ecb22c4c964fd9,10,39
9df9321fe1601ee474c7e40d17ecb22c4c964fd9,11,0
9df9321fe1601ee474c7e40d17ecb22c4c964fd9,12,0
9df9321fe1601ee474c7e40d17ecb22c4c964fd9,13,0
2496e1e20b47ecca4b61c1523258d9fd53cdd218,0,17
2496e1e20b47ecca4b61c1523258d9fd53cdd218,1,34
2496e1e20b47ecca4b61c1523258d9fd53cdd218,2,1
2496e1e20b47ecca4b61c1523258d9fd53cdd218,3,21
2496e1e20b47ecca4b61c1523258d9fd53cdd218,4,8
2496e1e20b47ecca4b61c1523258d9fd53cdd218,5,21
2496e1e20b47ecca4b61c1523258d9fd53cdd218,6,42
2496e1e20b47ecca4b61c1523258d9fd53cdd218,7,5
2496e1e20b47ecca4b61c1523258d9fd53cdd218,8,19
2496e1e20b47ecca4b61c1523258d9fd53cdd218,9,12
2496e1e20b47ecca4b61c1523258d9fd53cdd218,10,12
2496e1e20b47ecca4b61c1523258d9fd53cdd218,11,9
2496e1e20b47ecca4b61c1523258d9fd53cdd218,12,10
2496e1e20b47ecca4b61c1523258d9fd53cdd218,13,18
32f2dc7568516fefc0f5e0497b7b195454d9e057,0,2
32f2dc7568516fefc0f5e0497b7b195454d9e057,1,25
32f2dc7568516fefc0f5e0497b7b195454d9e057,2,0
32f2dc7568516fefc0f5e0497b7b195454d9e057,3,0
32f2dc7568516fefc0f5e0497b7b195454d9e057,4,18
32f2dc7568516fefc0f5e0497b7b195454d9e057,5,0
32f2dc7568516fefc0f5e0497b7b195454d9e057,6,3
32f2dc7568516fefc0f5e0497b7b195454d9e057,7,0
32f2dc7568516fefc0f5e0497b7b195454d9e057,8,1
32f2dc7568516fefc0f5e0497b7b195454d9e057,9,0
32f2dc7568516fefc0f5e0497b7b195454d9e057,10,3
32f2dc7568516fefc0f5e0497b7b195454d9e057,11,0
32f2dc7568516fefc0f5e0497b7b195454d9e057,12,0
32f2dc7568516fefc0f5e0497b7b195454d9e057,13,0
bdbce2735f8adf4f277d29f3e19ee19f89c302fa,0,0
bdbce2735f8adf4f277d29f3e19ee19f89c302fa,1,14
bdbce2735f8adf4f277d29f3e19ee19f89c302fa,2,3
bdbce2735f8adf4f277d29f3e19ee19f89c302fa,3,4
bdbce2735f8adf4f277d29f3e19ee19f89c302fa,4,5
bdbce2735f8adf4f277d29f3e19ee19f89c302fa,5,7
bdbce2735f8adf4f277d29f3e19ee19f89c302fa,6,0
bdbce2735f8adf4f277d29f3e19ee19f89c302fa,7,2
bdbce2735f8adf4f277d29f3e19ee19f89c302fa,8,2
bdbce2735f8adf4f277d29f3e19ee19f89c302fa,9,6
bdbce2735f8adf4f277d29f3e19ee19f89c302fa,10,0
bdbce2735f8adf4f277d29f3e19ee19f89c302fa,11,4
bdbce2735f8adf4f277d29f3e19ee19f89c302fa,12,5
bdbce2735f8adf4f277d29f3e19ee19f89c302fa,13,2
bf53d0454040b9791c810cbececf9e54dfa6da98,0,2
bf53d0454040b9791c810cbececf9e54dfa6da98,1,18
bf53d0454040b9791c810cbececf9e54dfa6da98,2,1
bf53d0454040b9791c810cbececf9e54dfa6da98,3,0
bf53d0454040b9791c810cbececf9e54dfa6da98,4,20
bf53d0454040b9791c810cbececf9e54dfa6da98,5,19
bf53d0454040b9791c810cbececf9e54dfa6da98,6,22
bf53d0454040b9791c810cbececf9e54dfa6da98,7,0
bf53d0454040b9791c810cbececf9e54dfa6da98,8,0
bf53d0454040b9791c810cbececf9e54dfa6da98,9,0
bf53d0454040b9791c810cbececf9e54dfa6da98,10,5
bf53d0454040b9791c810cbececf9e54dfa6da98,11,1
bf53d0454040b9791c810cbececf9e54dfa6da98,12,1
bf53d0454040b9791c810cbececf9e54dfa6da98,13,4
9a53341bd0d27bb4b31dcb851364b96f6122f4e7,0,7
9a53341bd0d27bb4b31dcb851364b96f6122f4e7,1,16
9a53341bd0d27bb4b31dcb851364b96f6122f4e7,2,1
9a53341bd0d27bb4b31dcb851364b96f6122f4e7,3,9
9a53341bd0d27bb4b31dcb851364b96f6122f4e7,4,26
9a53341bd0d27bb4b31dcb851364b96f6122f4e7,5,28
9a53341bd0d27bb4b31dcb851364b96f6122f4e7,6,9
9a53341bd0d27bb4b31dcb851364b96f6122f4e7,7,30
9a53341bd0d27bb4b31dcb851364b96f6122f4e7,8,10
9a53341bd0d27bb4b31dcb851364b96f6122f4e7,9,1
9a53341bd0d27bb4b31dcb851364b96f6122f4e7,10,15
9a53341bd0d27bb4b31dcb851364b96f6122f4e7,11,7
9a53341bd0d27bb4b31dcb851364b96f6122f4e7,12,12
9a53341bd0d27bb4b31dcb851364b96f6122f4e7,13,0
b52af5b04dee386c25bcc7e1ab92a2322e15e7e9,0,5
b52af5b04dee386c25bcc7e1ab92a2322e15e7e9,1,1
b52af5b04dee386c25bcc7e1ab92a2322e15e7e9,2,4
b52af5b04dee386c25bcc7e1ab92a2322e15e7e9,3,5
b52af5b04dee386c25bcc7e1ab92a2322e15e7e9,4,18
b52af5b04dee386c25bcc7e1ab92a2322e15e7e9,5,2
b52af5b04dee386c25bcc7e1ab92a2322e15e7e9,6,1
b52af5b04dee386c25bcc7e1ab92a2322e15e7e9,7,0
b52af5b04dee386c25bcc7e1ab92a2322e15e7e9,8,16
b52af5b04dee386c25bcc7e1ab92a2322e15e7e9,9,8
b52af5b04dee386c25bcc7e1ab92a2322e15e7e9,10,4
b52af5b04dee386c25bcc7e1ab92a2322e15e7e9,11,0
b52af5b04dee386c25bcc7e1ab92a2322e15e7e9,12,2
b52af5b04dee386c25bcc7e1ab92a2322e15e7e9,13,0
74a16d3da222ed5df588bbd05f57dc7e179cd3e4,0,8
74a16d3da222ed5df588bbd05f57dc7e179cd3e4,1,0
74a16d3da222ed5df588bbd05f57dc7e179cd3e4,2,0
74a16d3da222ed5df588bbd05f57dc7e179cd3e4,3,0
74a16d3da222ed5df588bbd05f57dc7e179cd3e4,4,1
74a16d3da222ed5df588bbd05f57dc7e179cd3e4,5,0
74a16d3da222ed5df588bbd05f57dc7e179cd3e4,6,1
74a16d3da222ed5df588bbd05f57dc7e179cd3e4,7,0
74a16d3da222ed5df588bbd05f57dc7e179cd3e4,8,15
74a16d3da222ed5df588bbd05f57dc7e179cd3e4,9,1
74a16d3da222ed5df588bbd05f57dc7e179cd3e4,10,1
74a16d3da222ed5df588bbd05f57dc7e179cd3e4,11,3
74a16d3da222ed5df588bbd05f57dc7e179cd3e4,12,0
74a16d3da222ed5df588bbd05f57dc7e179cd3e4,13,1
8f7f1d0ad1d169dd71312a3af22ea3e39d97d463,0,6
8f7f1d0ad1d169dd71312a3af22ea3e39d97d463,1,5
8f7f1d0ad1d169dd71312a3af22ea3e39d97d463,2,13
8f7f1d0ad1d169dd71312a3af22ea3e39d97d463,3,28
8f7f1d0ad1d169dd71312a3af22ea3e39d97d463,4,5
8f7f1d0ad1d169dd71312a3af22ea3e39d97d463,5,0
8f7f1d0ad1d169dd71312a3af22ea3e39d97d463,6,6
8f7f1d0ad1d169dd71312a3af22ea3e39d97d463,7,2
8f7f1d0ad1d169dd71312a3af22ea3e39d97d463,8,10
8f7f1d0ad1d169dd71312a3af22ea3e39d97d463,9,34
8f7f1d0ad1d169dd71312a3af22ea3e39d97d463,10,20
8f7f1d0ad1d169dd71312a3af22ea3e39d97d463,11,12
8f7f1d0ad1d169dd71312a3af22ea3e39d97d463,12,2
8f7f1d0ad1d169dd71312a3af22ea3e39d97d463,13,7
1d2c3ef52fe2532de3a10bb413bb92321343fad5,0,12
1d2c3ef52fe2532de3a10bb413bb92321343fad5,1,1
1d2c3ef52fe2532de3a10bb413bb92321343fad5,2,6
1d2c3ef52fe2532de3a10bb413bb92321343fad5,3,1
1d2c3ef52fe2532de3a10bb413bb92321343fad5,4,12
1d2c3ef52fe2532de3a10bb413bb92321343fad5,5,0
1d2c3ef52fe2532de3a10bb413bb92321343fad5,6,2
1d2c3ef52fe2532de3a10bb413bb92321343fad5,7,11
1d2c3ef52fe2532de3a10bb413bb92321343fad5,8,17
1d2c3ef52fe2532de3a10bb413bb92321343fad5,9,4
1d2c3ef52fe2532de3a10bb413bb92321343fad5,10,15
1d2c3ef52fe2532de3a10bb413bb92321343fad5,11,1
1d2c3ef52fe2532de3a10bb413bb92321343fad5,12,0
1d2c3ef52fe2532de3a10bb413bb92321343fad5,13,10
412734ad10b3cc3bd77fcdbb76ffbd9338399eba,0,34
412734ad10b3cc3bd77fcdbb76ffbd9338399eba,1,19
412734ad10b3cc3bd77fcdbb76ffbd9338399eba,2,15
412734ad10b3cc3bd77fcdbb76ffbd9338399eba,3,12
412734ad10b3cc3bd77fcdbb76ffbd9338399eba,4,11
412734ad10b3cc3bd77fcdbb76ffbd9338399eba,5,0
412734ad10b3cc3bd77fcdbb76ffbd9338399eba,6,13
412734ad10b3cc3bd77fcdbb76ffbd9338399eba,7,23
412734ad10b3cc3bd77fcdbb76ffbd9338399eba,8,21
412734ad10b3cc3bd77fcdbb76ffbd9338399eba,9,7
412734ad10b3cc3bd77fcdbb76ffbd9338399eba,10,3
412734ad10b3cc3bd77fcdbb76ffbd9338399eba,11,15
412734ad10b3cc3bd77fcdbb76ffbd9338399eba,12,0
412734ad10b3cc3bd77fcdbb76ffbd9338399eba,13,2
ee80d2476dff24dccb2a0a0370082ab8dedff029,0,0
ee80d2476dff24dccb2a0a0370082ab8dedff029,1,115
ee80d2476dff24dccb2a0a0370082ab8dedff029,2,3
ee80d2476dff24dccb2a0a0370082ab8dedff029,3,22
ee80d2476dff24dccb2a0a0370082ab8dedff029,4,32
ee80d2476dff24dccb2a0a0370082ab8dedff029,5,62
ee80d2476dff24dccb2a0a0370082ab8dedff029,6,45
ee80d2476dff24dccb2a0a0370082ab8dedff029,7,16
ee80d2476dff24dccb2a0a0370082ab8dedff029,8,59
ee80d2476dff24dccb2a0a0370082ab8dedff029,9,18
ee80d2476dff24dccb2a0a0370082ab8dedff029,10,55
ee80d2476dff24dccb2a0a0370082ab8dedff029,11,21
ee80d2476dff24dccb2a0a0370082ab8dedff029,12,9
ee80d2476dff24dccb2a0a0370082ab8dedff029,13,3
8283b2695fa62e3964b5925cd0d69fea7ba5e782,0,0
8283b2695fa62e3964b5925cd0d69fea7ba5e782,1,3
8283b2695fa62e3964b5925cd0d69fea7ba5e782,2,0
8283b2695fa62e3964b5925cd0d69fea7ba5e782,3,0
8283b2695fa62e3964b5925cd0d69fea7ba5e782,4,2
8283b2695fa62e3964b5925cd0d69fea7ba5e782,5,0
8283b2695fa62e3964b5925cd0d69fea7ba5e782,6,4
8283b2695fa62e3964b5925cd0d69fea7ba5e782,7,4
8283b2695fa62e3964b5925cd0d69fea7ba5e782,8,0
8283b2695fa62e3964b5925cd0d69fea7ba5e782,9,2
8283b2695fa62e3964b5925cd0d69fea7ba5e782,10,3
8283b2695fa62e3964b5925cd0d69fea7ba5e782,11,1
8283b2695fa62e3964b5925cd0d69fea7ba5e782,12,1
8283b2695fa62e3964b5925cd0d69fea7ba5e782,13,0
5df5c3921f3e258ce671da80d51fc0057234254f,0,1
5df5c3921f3e258ce671da80d51fc0057234254f,1,0
5df5c3921f3e258ce671da80d51fc0057234254f,2,6
5df5c3921f3e258ce671da80d51fc0057234254f,3,0
5df5c3921f3e258ce671da80d51fc0057234254f,4,4
5df5c3921f3e258ce671da80d51fc0057234254f,5,2
5df5c3921f3e258ce671da80d51fc0057234254f,6,2
5df5c3921f3e258ce671da80d51fc0057234254f,7,6
5df5c3921f3e258ce671da80d51fc0057234254f,8,10
5df5c3921f3e258ce671da80d51fc0057234254f,9,2
5df5c3921f3e258ce671da80d51fc0057234254f,10,2
5df5c3921f3e258ce671da80d51fc0057234254f,11,3
5df5c3921f3e258ce671da80d51fc0057234254f,12,0
5df5c3921f3e258ce671da80d51fc0057234254f,13,0
0e090f62729f4023b1498ce963568a83e6ce4129,0,1
0e090f62729f4023b1498ce963568a83e6ce4129,1,0
0e090f62729f4023b1498ce963568a83e6ce4129,2,1
0e090f62729f4023b1498ce963568a83e6ce4129,3,0
0e090f62729f4023b1498ce963568a83e6ce4129,4,9
0e090f62729f4023b1498ce963568a83e6ce4129,5,4
0e090f62729f4023b1498ce963568a83e6ce4129,6,3
0e090f62729f4023b1498ce963568a83e6ce4129,7,20
0e090f62729f4023b1498ce963568a83e6ce4129,8,2
0e090f62729f4023b1498ce963568a83e6ce4129,9,1
0e090f62729f4023b1498ce963568a83e6ce4129,10,16
0e090f62729f4023b1498ce963568a83e6ce4129,11,1
0e090f62729f4023b1498ce963568a83e6ce4129,12,0
0e090f62729f4023b1498ce963568a83e6ce4129,13,5
e94d28c900722350a2ceb80c8c9edb87bacd0029,0,0
e94d28c900722350a2ceb80c8c9edb87bacd0029,1,7
e94d28c900722350a2ceb80c8c9edb87bacd0029,2,0
e94d28c900722350a2ceb80c8c9edb87bacd0029,3,2
e94d28c900722350a2ceb80c8c9edb87bacd0029,4,1
e94d28c900722350a2ceb80c8c9edb87bacd0029,5,0
e94d28c900722350a2ceb80c8c9edb87bacd0029,6,4
e94d28c900722350a2ceb80c8c9edb87bacd0029,7,0
e94d28c900722350a2ceb80c8c9edb87bacd0029,8,0
e94d28c900722350a2ceb80c8c9edb87bacd0029,9,0
e94d28c900722350a2ceb80c8c9edb87bacd0029,10,5
e94d28c900722350a2ceb80c8c9edb87bacd0029,11,0
e94d28c900722350a2ceb80c8c9edb87bacd0029,12,0
e94d28c900722350a2ceb80c8c9edb87bacd0029,13,0
663ec42e075011c204e14df72e0db58a4f80cc2f,0,28
663ec42e075011c204e14df72e0db58a4f80cc2f,1,44
663ec42e075011c204e14df72e0db58a4f80cc2f,2,1
663ec42e075011c204e14df72e0db58a4f80cc2f,3,61
663ec42e075011c204e14df72e0db58a4f80cc2f,4,65
663ec42e075011c204e14df72e0db58a4f80cc2f,5,6
663ec42e075011c204e14df72e0db58a4f80cc2f,6,6
663ec42e075011c204e14df72e0db58a4f80cc2f,7,1
663ec42e075011c204e14df72e0db58a4f80cc2f,8,24
663ec42e075011c204e14df72e0db58a4f80cc2f,9,1
663ec42e075011c204e14df72e0db58a4f80cc2f,10,11
663ec42e075011c204e14df72e0db58a4f80cc2f,11,3
663ec42e075011c204e14df72e0db58a4f80cc2f,12,26
663ec42e075011c204e14df72e0db58a4f80cc2f,13,0
262973b99765e3db830c21b590a22b67274b090a,0,6
262973b99765e3db830c21b590a22b67274b090a,1,4
262973b99765e3db830c21b590a22b67274b090a,2,0
262973b99765e3db830c21b590a22b67274b090a,3,0
262973b99765e3db830c21b590a22b67274b090a,4,13
262973b99765e3db830c21b590a22b67274b090a,5,5
262973b99765e3db830c21b590a22b67274b090a,6,4
262973b99765e3db830c21b590a22b67274b090a,7,5
262973b99765e3db830c21b590a22b67274b090a,8,0
262973b99765e3db830c21b590a22b67274b090a,9,2
262973b99765e3db830c21b590a22b67274b090a,10,1
262973b99765e3db830c21b590a22b67274b090a,11,1
262973b99765e3db830c21b590a22b67274b090a,12,3
262973b99765e3db830c21b590a22b67274b090a,13,0
5e513f294366d95e87ce71c6a8a212867d616404,0,0
5e513f294366d95e87ce71c6a8a212867d616404,1,0
5e513f294366d95e87ce71c6a8a212867d616404,2,0
5e513f294366d95e87ce71c6a8a212867d616404,3,1
5e513f294366d95e87ce71c6a8a212867d616404,4,9
5e513f294366d95e87ce71c6a8a212867d616404,5,0
5e513f294366d95e87ce71c6a8a212867d616404,6,0
5e513f294366d95e87ce71c6a8a212867d616404,7,2
5e513f294366d95e87ce71c6a8a212867d616404,8,1
5e513f294366d95e87ce71c6a8a212867d616404,9,1
5e513f294366d95e87ce71c6a8a212867d616404,10,2
5e513f294366d95e87ce71c6a8a212867d616404,11,0
5e513f294366d95e87ce71c6a8a212867d616404,12,0
5e513f294366d95e87ce71c6a8a212867d616404,13,1
3e0cb05b1a25a1dfe93485cc2ae284e3a3fda4cf,0,0
3e0cb05b1a25a1dfe93485cc2ae284e3a3fda4cf,1,7
3e0cb05b1a25a1dfe93485cc2ae284e3a3fda4cf,2,17
3e0cb05b1a25a1dfe93485cc2ae284e3a3fda4cf,3,0
3e0cb05b1a25a1dfe93485cc2ae284e3a3fda4cf,4,8
3e0cb05b1a25a1dfe93485cc2ae284e3a3fda4cf,5,4
3e0cb05b1a25a1dfe93485cc2ae284e3a3fda4cf,6,15
3e0cb05b1a25a1dfe93485cc2ae284e3a3fda4cf,7,1
3e0cb05b1a25a1dfe93485cc2ae284e3a3fda4cf,8,0
3e0cb05b1a25a1dfe93485cc2ae284e3a3fda4cf,9,1
3e0cb05b1a25a1dfe93485cc2ae284e3a3fda4cf,10,8
3e0cb05b1a25a1dfe93485cc2ae284e3a3fda4cf,11,0
3e0cb05b1a25a1dfe93485cc2ae284e3a3fda4cf,12,0
3e0cb05b1a25a1dfe93485cc2ae284e3a3fda4cf,13,0
49c26bf4e0d1d73267de9fbdf070d3a0d0b01a48,0,2
49c26bf4e0d1d73267de9fbdf070d3a0d0b01a48,1,9
49c26bf4e0d1d73267de9fbdf070d3a0d0b01a48,2,0
49c26bf4e0d1d73267de9fbdf070d3a0d0b01a48,3,0
49c26bf4e0d1d73267de9fbdf070d3a0d0b01a48,4,0
49c26bf4e0d1d73267de9fbdf070d3a0d0b01a48,5,2
49c26bf4e0d1d73267de9fbdf070d3a0d0b01a48,6,7
49c26bf4e0d1d73267de9fbdf070d3a0d0b01a48,7,1
49c26bf4e0d1d73267de9fbdf070d3a0d0b01a48,8,1
49c26bf4e0d1d73267de9fbdf070d3a0d0b01a48,9,2
49c26bf4e0d1d73267de9fbdf070d3a0d0b01a48,10,2
49c26bf4e0d1d73267de9fbdf070d3a0d0b01a48,11,0
49c26bf4e0d1d73267de9fbdf070d3a0d0b01a48,12,0
49c26bf4e0d1d73267de9fbdf070d3a0d0b01a48,13,1
e3bb8e27b8a995e3b4e2c5fbb4a4b656e6cc5fdc,0,13
e3bb8e27b8a995e3b4e2c5fbb4a4b656e6cc5fdc,1,9
e3bb8e27b8a995e3b4e2c5fbb4a4b656e6cc5fdc,2,0
e3bb8e27b8a995e3b4e2c5fbb4a4b656e6cc5fdc,3,0
e3bb8e27b8a995e3b4e2c5fbb4a4b656e6cc5fdc,4,8
e3bb8e27b8a995e3b4e2c5fbb4a4b656e6cc5fdc,5,0
e3bb8e27b8a995e3b4e2c5fbb4a4b656e6cc5fdc,6,13
e3bb8e27b8a995e3b4e2c5fbb4a4b656e6cc5fdc,7,0
e3bb8e27b8a995e3b4e2c5fbb4a4b656e6cc5fdc,8,0
e3bb8e27b8a995e3b4e2c5fbb4a4b656e6cc5fdc,9,2
e3bb8e27b8a995e3b4e2c5fbb4a4b656e6cc5fdc,10,2
e3bb8e27b8a995e3b4e2c5fbb4a4b656e6cc5fdc,11,0
e3bb8e27b8a995e3b4e2c5fbb4a4b656e6cc5fdc,12,0
e3bb8e27b8a995e3b4e2c5fbb4a4b656e6cc5fdc,13,1
ec932676b71d53a899ae637505563dc349efdefb,0,3
ec932676b71d53a899ae637505563dc349efdefb,1,9
ec932676b71d53a899ae637505563dc349efdefb,2,6
ec932676b71d53a899ae637505563dc349efdefb,3,12
ec932676b71d53a899ae637505563dc349efdefb,4,19
ec932676b71d53a899ae637505563dc349efdefb,5,0
ec932676b71d53a899ae637505563dc349efdefb,6,1
ec932676b71d53a899ae637505563dc349efdefb,7,10
ec932676b71d53a899ae637505563dc349efdefb,8,6
ec932676b71d53a899ae637505563dc349efdefb,9,13
ec932676b71d53a899ae637505563dc349efdefb,10,3
ec932676b71d53a899ae637505563dc349efdefb,11,2
ec932676b71d53a899ae637505563dc349efdefb,12,0
ec932676b71d53a899ae637505563dc349efdefb,13,5
8e857ccde902a429df240ca8dda3d6db68c1553a,0,22
8e857ccde902a429df240ca8dda3d6db68c1553a,1,11
8e857ccde902a429df240ca8dda3d6db68c1553a,2,6
8e857ccde902a429df240ca8dda3d6db68c1553a,3,10
8e857ccde902a429df240ca8dda3d6db68c1553a,4,88
8e857ccde902a429df240ca8dda3d6db68c1553a,5,2
8e857ccde902a429df240ca8dda3d6db68c1553a,6,16
8e857ccde902a429df240ca8dda3d6db68c1553a,7,2
8e857ccde902a429df240ca8dda3d6db68c1553a,8,39
8e857ccde902a429df240ca8dda3d6db68c1553a,9,76
8e857ccde902a429df240ca8dda3d6db68c1553a,10,34
8e857ccde902a429df240ca8dda3d6db68c1553a,11,0
8e857ccde902a429df240ca8dda3d6db68c1553a,12,0
8e857ccde902a429df240ca8dda3d6db68c1553a,13,3
a686fc837f1b9986a6dd0a1cff2d21b8299457cf,0,8
a686fc837f1b9986a6dd0a1cff2d21b8299457cf,1,21
a686fc837f1b9986a6dd0a1cff2d21b8299457cf,2,0
a686fc837f1b9986a6dd0a1cff2d21b8299457cf,3,27
a686fc837f1b9986a6dd0a1cff2d21b8299457cf,4,38
a686fc837f1b9986a6dd0a1cff2d21b8299457cf,5,54
a686fc837f1b9986a6dd0a1cff2d21b8299457cf,6,35
a686fc837f1b9986a6dd0a1cff2d21b8299457cf,7,27
a686fc837f1b9986a6dd0a1cff2d21b8299457cf,8,2
a686fc837f1b9986a6dd0a1cff2d21b8299457cf,9,28
a686fc837f1b9986a6dd0a1cff2d21b8299457cf,10,7
a686fc837f1b9986a6dd0a1cff2d21b8299457cf,11,7
a686fc837f1b9986a6dd0a1cff2d21b8299457cf,12,0
a686fc837f1b9986a6dd0a1cff2d21b8299457cf,13,0
cc26c37df5ee837f1920dd981eb3f72893b80504,0,7
cc26c37df5ee837f1920dd981eb3f72893b80504,1,1
cc26c37df5ee837f1920dd981eb3f72893b80504,2,0
cc26c37df5ee837f1920dd981eb3f72893b80504,3,4
cc26c37df5ee837f1920dd981eb3f72893b80504,4,5
cc26c37df5ee837f1920dd981eb3f72893b80504,5,5
cc26c37df5ee837f1920dd981eb3f72893b80504,6,30
cc26c37df5ee837f1920dd981eb3f72893b80504,7,3
cc26c37df5ee837f1920dd981eb3f72893b80504,8,51
cc26c37df5ee837f1920dd981eb3f72893b80504,9,0
cc26c37df5ee837f1920dd981eb3f72893b80504,10,5
cc26c37df5ee837f1920dd981eb3f72893b80504,11,6
cc26c37df5ee837f1920dd981eb3f72893b80504,12,1
cc26c37df5ee837f1920dd981eb3f72893b80504,13,0
6795a3f37770f601a6e6a207effa1941f941fd68,0,5
6795a3f37770f601a6e6a207effa1941f941fd68,1,0
6795a3f37770f601a6e6a207effa1941f941fd68,2,0
6795a3f37770f601a6e6a207effa1941f941fd68,3,17
6795a3f37770f601a6e6a207effa1941f941fd68,4,9
6795a3f37770f601a6e6a207effa1941f941fd68,5,0
6795a3f37770f601a6e6a207effa1941f941fd68,6,0
6795a3f37770f601a6e6a207effa1941f941fd68,7,0
6795a3f37770f601a6e6a207effa1941f941fd68,8,13
6795a3f37770f601a6e6a207effa1941f941fd68,9,23
6795a3f37770f601a6e6a207effa1941f941fd68,10,7
6795a3f37770f601a6e6a207effa1941f941fd68,11,0
6795a3f37770f601a6e6a207effa1941f941fd68,12,0
6795a3f37770f601a6e6a207effa1941f941fd68,13,2
cf22d37fc7b381113cace9ffb910c653e8125084,0,30
cf22d37fc7b381113cace9ffb910c653e8125084,1,31
cf22d37fc7b381113cace9ffb910c653e8125084,2,2
cf22d37fc7b381113cace9ffb910c653e8125084,3,22
cf22d37fc7b381113cace9ffb910c653e8125084,4,54
cf22d37fc7b381113cace9ffb910c653e8125084,5,4
cf22d37fc7b381113cace9ffb910c653e8125084,6,30
cf22d37fc7b381113cace9ffb910c653e8125084,7,9
cf22d37fc7b381113cace9ffb910c653e8125084,8,12
cf22d37fc7b381113cace9ffb910c653e8125084,9,39
cf22d37fc7b381113cace9ffb910c653e8125084,10,64
cf22d37fc7b381113cace9ffb910c653e8125084,11,4
cf22d37fc7b381113cace9ffb910c653e8125084,12,0
cf22d37fc7b381113cace9ffb910c653e8125084,13,14
cea21d9d5fecb04a73e015a48d9b5a7094fec18a,0,0
cea21d9d5fecb04a73e015a48d9b5a7094fec18a,1,12
cea21d9d5fecb04a73e015a48d9b5a7094fec18a,2,11
cea21d9d5fecb04a73e015a48d9b5a7094fec18a,3,2
cea21d9d5fecb04a73e015a48d9b5a7094fec18a,4,13
cea21d9d5fecb04a73e015a48d9b5a7094fec18a,5,3
cea21d9d5fecb04a73e015a48d9b5a7094fec18a,6,20
cea21d9d5fecb04a73e015a48d9b5a7094fec18a,7,5
cea21d9d5fecb04a73e015a48d9b5a7094fec18a,8,9
cea21d9d5fecb04a73e015a48d9b5a7094fec18a,9,2
cea21d9d5fecb04a73e015a48d9b5a7094fec18a,10,14
cea21d9d5fecb04a73e015a48d9b5a7094fec18a,11,1
cea21d9d5fecb04a73e015a48d9b5a7094fec18a,12,7
cea21d9d5fecb04a73e015a48d9b5a7094fec18a,13,0
080014d63e3056ee832c43575d58fd55e5a3c87f,0,0
080014d63e3056ee832c43575d58fd55e5a3c87f,1,8
080014d63e3056ee832c43575d58fd55e5a3c87f,2,0
080014d63e3056ee832c43575d58fd55e5a3c87f,3,0
080014d63e3056ee832c43575d58fd55e5a3c87f,4,12
080014d63e3056ee832c43575d58fd55e5a3c87f,5,3
080014d63e3056ee832c43575d58fd55e5a3c87f,6,0
080014d63e3056ee832c43575d58fd55e5a3c87f,7,0
080014d63e3056ee832c43575d58fd55e5a3c87f,8,10
080014d63e3056ee832c43575d58fd55e5a3c87f,9,1
080014d63e3056ee832c43575d58fd55e5a3c87f,10,4
080014d63e3056ee832c43575d58fd55e5a3c87f,11,2
080014d63e3056ee832c43575d58fd55e5a3c87f,12,0
080014d63e3056ee832c43575d58fd55e5a3c87f,13,0
6b2c2db799b41a013581bf9da11dc01f84151269,0,0
6b2c2db799b41a013581bf9da11dc01f84151269,1,5
6b2c2db799b41a013581bf9da11dc01f84151269,2,1
6b2c2db799b41a013581bf9da11dc01f84151269,3,0
6b2c2db799b41a013581bf9da11dc01f84151269,4,13
6b2c2db799b41a013581bf9da11dc01f84151269,5,11
6b2c2db799b41a013581bf9da11dc01f84151269,6,1
6b2c2db799b41a013581bf9da11dc01f84151269,7,18
6b2c2db799b41a013581bf9da11dc01f84151269,8,33
6b2c2db799b41a013581bf9da11dc01f84151269,9,0
6b2c2db799b41a013581bf9da11dc01f84151269,10,1
6b2c2db799b41a013581bf9da11dc01f84151269,11,26
6b2c2db799b41a013581bf9da11dc01f84151269,12,5
6b2c2db799b41a013581bf9da11dc01f84151269,13,0
770bcd934702b077dd97b83288334a3fdcb89538,0,10
770bcd934702b077dd97b83288334a3fdcb89538,1,15
770bcd934702b077dd97b83288334a3fdcb89538,2,2
770bcd934702b077dd97b83288334a3fdcb89538,3,9
770bcd934702b077dd97b83288334a3fdcb89538,4,17
770bcd934702b077dd97b83288334a3fdcb89538,5,24
770bcd934702b077dd97b83288334a3fdcb89538,6,18
770bcd934702b077dd97b83288334a3fdcb89538,7,12
770bcd934702b077dd97b83288334a3fdcb89538,8,6
770bcd934702b077dd97b83288334a3fdcb89538,9,1
770bcd934702b077dd97b83288334a3fdcb89538,10,19
770bcd934702b077dd97b83288334a3fdcb89538,11,7
770bcd934702b077dd97b83288334a3fdcb89538,12,2
770bcd934702b077dd97b83288334a3fdcb89538,13,3
8cfa0c6f34ebdf11b40a6d02aeeed0212624a9d5,0,1
8cfa0c6f34ebdf11b40a6d02aeeed0212624a9d5,1,4
8cfa0c6f34ebdf11b40a6d02aeeed0212624a9d5,2,7
8cfa0c6f34ebdf11b40a6d02aeeed0212624a9d5,3,0
8cfa0c6f34ebdf11b40a6d02aeeed0212624a9d5,4,6
8cfa0c6f34ebdf11b40a6d02aeeed0212624a9d5,5,6
8cfa0c6f34ebdf11b40a6d02aeeed0212624a9d5,6,2
8cfa0c6f34ebdf11b40a6d02aeeed0212624a9d5,7,7
8cfa0c6f34ebdf11b40a6d02aeeed0212624a9d5,8,3
8cfa0c6f34ebdf11b40a6d02aeeed0212624a9d5,9,8
8cfa0c6f34ebdf11b40a6d02aeeed0212624a9d5,10,12
8cfa0c6f34ebdf11b40a6d02aeeed0212624a9d5,11,7
8cfa0c6f34ebdf11b40a6d02aeeed0212624a9d5,12,0
8cfa0c6f34ebdf11b40a6d02aeeed0212624a9d5,13,1
1a8068f1ebfaad1706072c01274d4d2a4e4f3310,0,5
1a8068f1ebfaad1706072c01274d4d2a4e4f3310,1,0
1a8068f1ebfaad1706072c01274d4d2a4e4f3310,2,7
1a8068f1ebfaad1706072c01274d4d2a4e4f3310,3,0
1a8068f1ebfaad1706072c01274d4d2a4e4f3310,4,0
1a8068f1ebfaad1706072c01274d4d2a4e4f3310,5,0
1a8068f1ebfaad1706072c01274d4d2a4e4f3310,6,0
1a8068f1ebfaad1706072c01274d4d2a4e4f3310,7,1
1a8068f1ebfaad1706072c01274d4d2a4e4f3310,8,10
1a8068f1ebfaad1706072c01274d4d2a4e4f3310,9,6
1a8068f1ebfaad1706072c01274d4d2a4e4f3310,10,1
1a8068f1ebfaad1706072c01274d4d2a4e4f3310,11,5
1a8068f1ebfaad1706072c01274d4d2a4e4f3310,12,0
1a8068f1ebfaad1706072c01274d4d2a4e4f3310,13,5
db69623b9f36224121f73737e1eeee8551e8a504,0,0
db69623b9f36224121f73737e1eeee8551e8a504,1,4
db69623b9f36224121f73737e1eeee8551e8a504,2,0
db69623b9f36224121f73737e1eeee8551e8a504,3,2
db69623b9f36224121f73737e1eeee8551e8a504,4,2
db69623b9f36224121f73737e1eeee8551e8a504,5,6
db69623b9f36224121f73737e1eeee8551e8a504,6,0
db69623b9f36224121f73737e1eeee8551e8a504,7,2
db69623b9f36224121f73737e1eeee8551e8a504,8,0
db69623b9f36224121f73737e1eeee8551e8a504,9,0
db69623b9f36224121f73737e1eeee8551e8a504,10,0
db69623b9f36224121f73737e1eeee8551e8a504,11,4
db69623b9f36224121f73737e1eeee8551e8a504,12,0
db69623b9f36224121f73737e1eeee8551e8a504,13,0
bc3411bbd509a85720079eda7a63cefaa8e20522,0,1
bc3411bbd509a85720079eda7a63cefaa8e20522,1,1
bc3411bbd509a85720079eda7a63cefaa8e20522,2,16
bc3411bbd509a85720079eda7a63cefaa8e20522,3,0
bc3411bbd509a85720079eda7a63cefaa8e20522,4,7
bc3411bbd509a85720079eda7a63cefaa8e20522,5,1
bc3411bbd509a85720079eda7a63cefaa8e20522,6,1
bc3411bbd509a85720079eda7a63cefaa8e20522,7,13
bc3411bbd509a85720079eda7a63cefaa8e20522,8,7
bc3411bbd509a85720079eda7a63cefaa8e20522,9,9
bc3411bbd509a85720079eda7a63cefaa8e20522,10,11
bc3411bbd509a85720079eda7a63cefaa8e20522,11,1
bc3411bbd509a85720079eda7a63cefaa8e20522,12,0
bc3411bbd509a85720079eda7a63cefaa8e20522,13,15
2d6f74fd3abbe21fdb369f6804dc70e391e349a9,0,1
2d6f74fd3abbe21fdb369f6804dc70e391e349a9,1,16
2d6f74fd3abbe21fdb369f6804dc70e391e349a9,2,0
2d6f74fd3abbe21fdb369f6804dc70e391e349a9,3,6
2d6f74fd3abbe21fdb369f6804dc70e391e349a9,4,39
2d6f74fd3abbe21fdb369f6804dc70e391e349a9,5,12
2d6f74fd3abbe21fdb369f6804dc70e391e349a9,6,61
2d6f74fd3abbe21fdb369f6804dc70e391e349a9,7,40
2d6f74fd3abbe21fdb369f6804dc70e391e349a9,8,8
2d6f74fd3abbe21fdb369f6804dc70e391e349a9,9,40
2d6f74fd3abbe21fdb369f6804dc70e391e349a9,10,8
2d6f74fd3abbe21fdb369f6804dc70e391e349a9,11,8
2d6f74fd3abbe21fdb369f6804dc70e391e349a9,12,0
2d6f74fd3abbe21fdb369f6804dc70e391e349a9,13,4
fc150c9561768329db04daca2f5c40d2d49dc3df,0,0
fc150c9561768329db04daca2f5c40d2d49dc3df,1,0
fc150c9561768329db04daca2f5c40d2d49dc3df,2,0
fc150c9561768329db04daca2f5c40d2d49dc3df,3,0
fc150c9561768329db04daca2f5c40d2d49dc3df,4,5
fc150c9561768329db04daca2f5c40d2d49dc3df,5,0
fc150c9561768329db04daca2f5c40d2d49dc3df,6,5
fc150c9561768329db04daca2f5c40d2d49dc3df,7,6
fc150c9561768329db04daca2f5c40d2d49dc3df,8,5
fc150c9561768329db04daca2f5c40d2d49dc3df,9,2
fc150c9561768329db04daca2f5c40d2d49dc3df,10,1
fc150c9561768329db04daca2f5c40d2d49dc3df,11,0
fc150c9561768329db04daca2f5c40d2d49dc3df,12,0
fc150c9561768329db04daca2f5c40d2d49dc3df,13,0
67a5a7d3831c7f2748da56f3f0938968c2b9ff7e,0,19
67a5a7d3831c7f2748da56f3f0938968c2b9ff7e,1,11
67a5a7d3831c7f2748da56f3f0938968c2b9ff7e,2,23
67a5a7d3831c7f2748da56f3f0938968c2b9ff7e,3,7
67a5a7d3831c7f2748da56f3f0938968c2b9ff7e,4,55
67a5a7d3831c7f2748da56f3f0938968c2b9ff7e,5,7
67a5a7d3831c7f2748da56f3f0938968c2b9ff7e,6,32
67a5a7d3831c7f2748da56f3f0938968c2b9ff7e,7,21
67a5a7d3831c7f2748da56f3f0938968c2b9ff7e,8,27
67a5a7d3831c7f2748da56f3f0938968c2b9ff7e,9,38
67a5a7d3831c7f2748da56f3f0938968c2b9ff7e,10,9
67a5a7d3831c7f2748da56f3f0938968c2b9ff7e,11,18
67a5a7d3831c7f2748da56f3f0938968c2b9ff7e,12,12
67a5a7d3831c7f2748da56f3f0938968c2b9ff7e,13,27
1d331bff90c8ab55d0904f72c8b4a0e2e6bb7f07,0,51
1d331bff90c8ab55d0904f72c8b4a0e2e6bb7f07,1,90
1d331bff90c8ab55d0904f72c8b4a0e2e6bb7f07,2,3
1d331bff90c8ab55d0904f72c8b4a0e2e6bb7f07,3,18
1d331bff90c8ab55d0904f72c8b4a0e2e6bb7f07,4,30
1d331bff90c8ab55d0904f72c8b4a0e2e6bb7f07,5,130
1d331bff90c8ab55d0904f72c8b4a0e2e6bb7f07,6,37
1d331bff90c8ab55d0904f72c8b4a0e2e6bb7f07,7,1
1d331bff90c8ab55d0904f72c8b4a0e2e6bb7f07,8,26
1d331bff90c8ab55d0904f72c8b4a0e2e6bb7f07,9,1
1d331bff90c8ab55d0904f72c8b4a0e2e6bb7f07,10,28
1d331bff90c8ab55d0904f72c8b4a0e2e6bb7f07,11,13
1d331bff90c8ab55d0904f72c8b4a0e2e6bb7f07,12,12
1d331bff90c8ab55d0904f72c8b4a0e2e6bb7f07,13,16
97501ccb1015d8d6c8177f47dca69a3788162476,0,2
97501ccb1015d8d6c8177f47dca69a3788162476,1,0
97501ccb1015d8d6c8177f47dca69a3788162476,2,0
97501ccb1015d8d6c8177f47dca69a3788162476,3,2
97501ccb1015d8d6c8177f47dca69a3788162476,4,4
97501ccb1015d8d6c8177f47dca69a3788162476,5,2
97501ccb1015d8d6c8177f47dca69a3788162476,6,5
97501ccb1015d8d6c8177f47dca69a3788162476,7,2
97501ccb1015d8d6c8177f47dca69a3788162476,8,1
97501ccb1015d8d6c8177f47dca69a3788162476,9,1
97501ccb1015d8d6c8177f47dca69a3788162476,10,3
97501ccb1015d8d6c8177f47dca69a3788162476,11,0
97501ccb1015d8d6c8177f47dca69a3788162476,12,0
97501ccb1015d8d6c8177f47dca69a3788162476,13,0
79953fdadb77929415e702df8d8d0115d9ca0672,0,0
79953fdadb77929415e702df8d8d0115d9ca0672,1,1
79953fdadb77929415e702df8d8d0115d9ca0672,2,3
79953fdadb77929415e702df8d8d0115d9ca0672,3,1
79953fdadb77929415e702df8d8d0115d9ca0672,4,6
79953fdadb77929415e702df8d8d0115d9ca0672,5,0
79953fdadb77929415e702df8d8d0115d9ca0672,6,3
79953fdadb77929415e702df8d8d0115d9ca0672,7,2
79953fdadb77929415e702df8d8d0115d9ca0672,8,16
79953fdadb77929415e702df8d8d0115d9ca0672,9,8
79953fdadb77929415e702df8d8d0115d9ca0672,10,2
79953fdadb77929415e702df8d8d0115d9ca0672,11,3
79953fdadb77929415e702df8d8d0115d9ca0672,12,0
79953fdadb77929415e702df8d8d0115d9ca0672,13,0
a6d3cf64de843726256d5a950d87d1d1f2fbf64c,0,0
a6d3cf64de843726256d5a950d87d1d1f2fbf64c,1,1
a6d3cf64de843726256d5a950d87d1d1f2fbf64c,2,0
a6d3cf64de843726256d5a950d87d1d1f2fbf64c,3,0
a6d3cf64de843726256d5a950d87d1d1f2fbf64c,4,0
a6d3cf64de843726256d5a950d87d1d1f2fbf64c,5,1
a6d3cf64de843726256d5a950d87d1d1f2fbf64c,6,7
a6d3cf64de843726256d5a950d87d1d1f2fbf64c,7,0
a6d3cf64de843726256d5a950d87d1d1f2fbf64c,8,0
a6d3cf64de843726256d5a950d87d1d1f2fbf64c,9,0
a6d3cf64de843726256d5a950d87d1d1f2fbf64c,10,14
a6d3cf64de843726256d5a950d87d1d1f2fbf64c,11,0
a6d3cf64de843726256d5a950d87d1d1f2fbf64c,12,1
a6d3cf64de843726256d5a950d87d1d1f2fbf64c,13,3
de22e0e12ff23ef2da971181a8e81e7aa565ded3,0,0
de22e0e12ff23ef2da971181a8e81e7aa565ded3,1,3
de22e0e12ff23ef2da971181a8e81e7aa565ded3,2,0
de22e0e12ff23ef2da971181a8e81e7aa565ded3,3,0
de22e0e12ff23ef2da971181a8e81e7aa565ded3,4,4
de22e0e12ff23ef2da971181a8e81e7aa565ded3,5,0
de22e0e12ff23ef2da971181a8e81e7aa565ded3,6,4
de22e0e12ff23ef2da971181a8e81e7aa565ded3,7,1
de22e0e12ff23ef2da971181a8e81e7aa565ded3,8,2
de22e0e12ff23ef2da971181a8e81e7aa565ded3,9,4
de22e0e12ff23ef2da971181a8e81e7aa565ded3,10,3
de22e0e12ff23ef2da971181a8e81e7aa565ded3,11,0
de22e0e12ff23ef2da971181a8e81e7aa565ded3,12,0
de22e0e12ff23ef2da971181a8e81e7aa565ded3,13,2
6383f9446a103a9da06ea5f45808e32991330473,0,2
6383f9446a103a9da06ea5f45808e32991330473,1,1
6383f9446a103a9da06ea5f45808e32991330473,2,4
6383f9446a103a9da06ea5f45808e32991330473,3,5
6383f9446a103a9da06ea5f45808e32991330473,4,4
6383f9446a103a9da06ea5f45808e32991330473,5,0
6383f9446a103a9da06ea5f45808e32991330473,6,1
6383f9446a103a9da06ea5f45808e32991330473,7,12
6383f9446a103a9da06ea5f45808e32991330473,8,3
6383f9446a103a9da06ea5f45808e32991330473,9,11
6383f9446a103a9da06ea5f45808e32991330473,10,2
6383f9446a103a9da06ea5f45808e32991330473,11,2
6383f9446a103a9da06ea5f45808e32991330473,12,0
6383f9446a103a9da06ea5f45808e32991330473,13,2
79dbde5dffff386e653c0d117de881055bbcc647,0,5
79dbde5dffff386e653c0d117de881055bbcc647,1,20
79dbde5dffff386e653c0d117de881055bbcc647,2,0
79dbde5dffff386e653c0d117de881055bbcc647,3,0
79dbde5dffff386e653c0d117de881055bbcc647,4,10
79dbde5dffff386e653c0d117de881055bbcc647,5,5
79dbde5dffff386e653c0d117de881055bbcc647,6,16
79dbde5dffff386e653c0d117de881055bbcc647,7,14
79dbde5dffff386e653c0d117de881055bbcc647,8,14
79dbde5dffff386e653c0d117de881055bbcc647,9,0
79dbde5dffff386e653c0d117de881055bbcc647,10,12
79dbde5dffff386e653c0d117de881055bbcc647,11,26
79dbde5dffff386e653c0d117de881055bbcc647,12,0
79dbde5dffff386e653c0d117de881055bbcc647,13,11
9c1efc4d8f966ab5073457242cde2ea48d4f1a98,0,1
9c1efc4d8f966ab5073457242cde2ea48d4f1a98,1,3
9c1efc4d8f966ab5073457242cde2ea48d4f1a98,2,0
9c1efc4d8f966ab5073457242cde2ea48d4f1a98,3,1
9c1efc4d8f966ab5073457242cde2ea48d4f1a98,4,7
9c1efc4d8f966ab5073457242cde2ea48d4f1a98,5,10
9c1efc4d8f966ab5073457242cde2ea48d4f1a98,6,3
9c1efc4d8f966ab5073457242cde2ea48d4f1a98,7,0
9c1efc4d8f966ab5073457242cde2ea48d4f1a98,8,1
9c1efc4d8f966ab5073457242cde2ea48d4f1a98,9,7
9c1efc4d8f966ab5073457242cde2ea48d4f1a98,10,13
9c1efc4d8f966ab5073457242cde2ea48d4f1a98,11,7
9c1efc4d8f966ab5073457242cde2ea48d4f1a98,12,1
9c1efc4d8f966ab5073457242cde2ea48d4f1a98,13,0
2fcb4605371cf09cee541ed94e1438b86abfa7e1,0,8
2fcb4605371cf09cee541ed94e1438b86abfa7e1,1,1
2fcb4605371cf09cee541ed94e1438b86abfa7e1,2,0
2fcb4605371cf09cee541ed94e1438b86abfa7e1,3,1
2fcb4605371cf09cee541ed94e1438b86abfa7e1,4,16
2fcb4605371cf09cee541ed94e1438b86abfa7e1,5,1
2fcb4605371cf09cee541ed94e1438b86abfa7e1,6,2
2fcb4605371cf09cee541ed94e1438b86abfa7e1,7,2
2fcb4605371cf09cee541ed94e1438b86abfa7e1,8,7
2fcb4605371cf09cee541ed94e1438b86abfa7e1,9,5
2fcb4605371cf09cee541ed94e1438b86abfa7e1,10,10
2fcb4605371cf09cee541ed94e1438b86abfa7e1,11,7
2fcb4605371cf09cee541ed94e1438b86abfa7e1,12,0
2fcb4605371cf09cee541ed94e1438b86abfa7e1,13,4
a866a61aec27e0eceba7f17deed537519f702c58,0,4
a866a61aec27e0eceba7f17deed537519f702c58,1,15
a866a61aec27e0eceba7f17deed537519f702c58,2,17
a866a61aec27e0eceba7f17deed537519f702c58,3,0
a866a61aec27e0eceba7f17deed537519f702c58,4,42
a866a61aec27e0eceba7f17deed537519f702c58,5,5
a866a61aec27e0eceba7f17deed537519f702c58,6,8
a866a61aec27e0eceba7f17deed537519f702c58,7,2
a866a61aec27e0eceba7f17deed537519f702c58,8,23
a866a61aec27e0eceba7f17deed537519f702c58,9,15
a866a61aec27e0eceba7f17deed537519f702c58,10,8
a866a61aec27e0eceba7f17deed537519f702c58,11,17
a866a61aec27e0eceba7f17deed537519f702c58,12,1
a866a61aec27e0eceba7f17deed537519f702c58,13,27
7c58a57e4153acdbf1ca54d4b670a7029403f64e,0,1
7c58a57e4153acdbf1ca54d4b670a7029403f64e,1,30
7c58a57e4153acdbf1ca54d4b670a7029403f64e,2,0
7c58a57e4153acdbf1ca54d4b670a7029403f64e,3,25
7c58a57e4153acdbf1ca54d4b670a7029403f64e,4,18
7c58a57e4153acdbf1ca54d4b670a7029403f64e,5,22
7c58a57e4153acdbf1ca54d4b670a7029403f64e,6,56
7c58a57e4153acdbf1ca54d4b670a7029403f64e,7,5
7c58a57e4153acdbf1ca54d4b670a7029403f64e,8,2
7c58a57e4153acdbf1ca54d4b670a7029403f64e,9,7
7c58a57e4153acdbf1ca54d4b670a7029403f64e,10,7
7c58a57e4153acdbf1ca54d4b670a7029403f64e,11,6
7c58a57e4153acdbf1ca54d4b670a7029403f64e,12,0
7c58a57e4153acdbf1ca54d4b670a7029403f64e,13,41
bef229ad12c95dbdd0788d87528cc8edf2093c0a,0,0
bef229ad12c95dbdd0788d87528cc8edf2093c0a,1,1
bef229ad12c95dbdd0788d87528cc8edf2093c0a,2,0
bef229ad12c95dbdd0788d87528cc8edf2093c0a,3,0
bef229ad12c95dbdd0788d87528cc8edf2093c0a,4,0
bef229ad12c95dbdd0788d87528cc8edf2093c0a,5,11
bef229ad12c95dbdd0788d87528cc8edf2093c0a,6,3
bef229ad12c95dbdd0788d87528cc8edf2093c0a,7,1
bef229ad12c95dbdd0788d87528cc8edf2093c0a,8,0
bef229ad12c95dbdd0788d87528cc8edf2093c0a,9,0
bef229ad12c95dbdd0788d87528cc8edf2093c0a,10,0
bef229ad12c95dbdd0788d87528cc8edf2093c0a,11,2
bef229ad12c95dbdd0788d87528cc8edf2093c0a,12,7
bef229ad12c95dbdd0788d87528cc8edf2093c0a,13,0
05b7dfc3ddae37cd191fe8182b7b7e1b35c5bbef,0,5
05b7dfc3ddae37cd191fe8182b7b7e1b35c5bbef,1,8
05b7dfc3ddae37cd191fe8182b7b7e1b35c5bbef,2,6
05b7dfc3ddae37cd191fe8182b7b7e1b35c5bbef,3,0
05b7dfc3ddae37cd191fe8182b7b7e1b35c5bbef,4,12
05b7dfc3ddae37cd191fe8182b7b7e1b35c5bbef,5,9
05b7dfc3ddae37cd191fe8182b7b7e1b35c5bbef,6,7
05b7dfc3ddae37cd191fe8182b7b7e1b35c5bbef,7,0
05b7dfc3ddae37cd191fe8182b7b7e1b35c5bbef,8,0
05b7dfc3ddae37cd191fe8182b7b7e1b35c5bbef,9,5
05b7dfc3ddae37cd191fe8182b7b7e1b35c5bbef,10,4
05b7dfc3ddae37cd191fe8182b7b7e1b35c5bbef,11,0
05b7dfc3ddae37cd191fe8182b7b7e1b35c5bbef,12,7
05b7dfc3ddae37cd191fe8182b7b7e1b35c5bbef,13,0
